domain,employees_now,growth_6m,growth_1y,growth_2y,added_6m,added_1y,added_2y,group,pivot_year,pivot_year_source,matched_to,revenue_band,median_tenure_years,months_of_chart
0209design.nl,5,0.25,0.25,0.25,1,1,1,control,2020,matched twin,klemtoonmedia.nl,"$500,000 - $1M in revenue",7.5,25
072design.nl,1,0.0,-0.5,-0.5,0,-1,-1,control,2024,matched twin,bureaubijma.nl,,14.1,25
0930.nl,15,-0.0625,-0.1176,-0.0625,-1,-2,-1,control,2025,matched twin,accentinteractive.nl,,3.3,25
10tycreative.nl,1,0.0,0.0,0.0,0,0,0,control,2023,matched twin,thisisqi.nl,,11.2,25
10uur.nl,23,0.0,0.0,0.0952,0,0,2,control,2023,matched twin,bliqvangers.nl,$2.5M - $5M,3.6,25
1kilotekst.nl,1,0.0,0.0,0.0,0,0,0,control,2023,matched twin,nedfinity.com,,13.4,25
2chairs.nl,,,,,,,,control,2025,matched twin,accentinteractive.nl,,,0
2kwadraat.nl,1,0.0,0.0,0.0,0,0,0,control,2020,matched twin,klemtoonmedia.nl,,7.8,25
2manydots.nl,19,0.1176,0.2667,0.5833,2,4,7,control,2023,matched twin,converzo.nl,$1M - $2.5M,,25
2mkb.nl,2,0.0,0.0,0.0,0,0,0,control,2023,matched twin,tres.nl,"$500,000 - $1M",11.3,25
2ndchapter.nl,3,0.0,0.0,0.0,0,0,0,control,2025,matched twin,trimm.nl,"$500,000 - $1M",2.3,25
2youmarketing.nl,2,0.0,0.0,0.0,0,0,0,control,2025,matched twin,turntwo.com,,4.4,25
360-onlinemarketing.com,4,0.0,-0.2,-0.2,0,-1,-1,control,2025,matched twin,jibe-group.com,,3.5,25
3mo.nl,6,-0.1429,-0.1429,-0.1429,-1,-1,-1,control,2023,matched twin,blinktuit.nl,"$500,000 - $1M",,25
3wmedia.nl,17,0.0,-0.0556,-0.0556,0,-1,-1,control,2024,matched twin,upside.nl,,13,25
4foot8.nl,2,0.0,0.0,0.0,0,0,0,control,2024,matched twin,lafortezza.nl,,2.2,25
4ksproductions.com,2,0.0,0.0,0.0,0,0,0,control,2022,matched twin,codebreakers.nl,,7.3,25
53gradennoord.nl,14,-0.1765,-0.2632,-0.3,-3,-5,-6,control,2025,matched twin,annabel.nl,,4.9,25
7w-internetmarketing.nl,3,0.0,0.0,0.0,0,0,0,control,2023,matched twin,vertigo6.nl,,4.1,25
8ontwerp.nl,1,0.0,0.0,0.0,0,0,0,control,2023,matched twin,vertigo6.nl,,18.2,25
90graden.com,3,0.0,0.0,0.0,0,0,0,control,2023,matched twin,vizien.nl,,16.3,25
aandagt.nl,9,0.0,0.0,0.0,0,0,0,control,2023,matched twin,vonc.nl,,4.8,25
aanjagers.nu,11,0.1,0.0,-0.0833,1,0,-1,narrower,2025,own,,"$500,000 - $1M",3.8,25
abmarketingenmeer.nl,1,0.0,0.0,0.0,0,0,0,control,2020,matched twin,houseofsocialmedia.nl,,14.3,25
acato.nl,35,-0.0789,-0.1026,-0.125,-3,-4,-5,narrower,2025,own,,$10M - $20M,4.6,25
accentinteractive.nl,14,-0.0667,-0.0667,-0.1765,-1,-1,-3,narrower,2025,own,,,5.7,25
achieve.nl,5,0.25,0.6667,-0.1667,1,2,-1,control,2023,matched twin,sdgworks.nl,"$500,000 - $1M",,25
acplusm.nl,3,0.0,0.0,0.0,0,0,0,control,2023,matched twin,rubrix.nl,,26.3,25
act.agency,32,-0.0588,0.0667,0.0667,-2,2,2,control,2023,matched twin,bliqvangers.nl,,3.3,25
addvalore.com,2,0.0,0.0,1.0,0,0,1,control,2025,matched twin,vormdestad.nl,,1.5,25
addvision.nl,11,-0.0833,-0.0833,-0.2143,-1,-1,-3,control,2023,matched twin,vrijdagonline.nl,$5M in revenue,7.8,25
adfarm.nl,5,-0.1667,0.6667,,-1,2,,control,2024,matched twin,wadm.nl,,1,22
advertisingheroes.com,4,-0.2,0.0,0.0,-1,0,0,control,2025,matched twin,webcrafter.nl,,4.7,25
adwise.nl,,,,,,,,control,2025,matched twin,webdesign-direct.nl,,,0
adwolves.nl,1,0.0,0.0,0.0,0,0,0,control,2020,matched twin,webelephant.nl,,13.3,25
adworth.nl,8,0.0,0.0,0.3333,0,0,2,control,2020,matched twin,websignaal.nl,"$500,000 - $1M",3.1,25
afdelingonline.nl,39,-0.025,-0.0488,0.1143,-1,-2,4,control,2023,matched twin,websitefreaks.nl,,1.8,25
afix.nl,36,0.0286,0.0,0.0588,1,0,2,control,2024,matched twin,bureaubijma.nl,,3.3,25
afontwerp.nl,,,,,,,,control,2023,matched twin,nedfinity.com,,,0
afslagzuid.nl,3,0.0,0.0,0.0,0,0,0,control,2023,matched twin,newrise.nl,"$500,000 - $1M in revenue",1.0,25
aim.nu,22,0.0,-0.0435,-0.0833,0,-1,-2,control,2020,matched twin,wrkt.nl,,14.7,25
akkerontwerp.nl,,,,,,,,control,2022,matched twin,codebreakers.nl,,,0
alfred.nl,46,0.0455,0.0222,-0.0612,2,1,-3,control,2025,matched twin,annabel.nl,$10M - $20M,3.3,25
alientrick.com,23,-0.08,-0.08,0.0455,-2,-2,1,control,2020,matched twin,inventus.online,,5.9,25
alion.nl,59,0.0172,-0.0167,0.0536,1,-1,3,control,2023,matched twin,sdgworks.nl,$2.5M - $5M,,25
aliveandkicking.nl,4,0.0,0.0,0.0,0,0,0,control,2020,matched twin,grizzlymarketing.nl,,2.4,25
allyourmedia.nl,3,0.0,0.0,0.0,0,0,0,control,2025,matched twin,de-reclamefabriek.nl,"$500,000 - $1M",,25
alonamarketing.nl,12,-0.2,-0.1429,-0.2941,-3,-2,-5,control,2025,matched twin,bigfish.nl,$2.5M - $5M,,25
amazing.nl,72,0.8947,1.0571,1.25,34,37,40,control,2023,matched twin,wveen.com,,0.5,25
amcreative.io,5,0.0,0.0,0.0,0,0,0,control,2021,matched twin,barneymedia.nl,"$500,000 - $1M",5.8,25
amigosagency.nl,5,0.0,0.25,0.0,0,1,0,control,2023,matched twin,x-com.nl,,1.3,25
anmediasolutions.nl,1,0.0,0.0,0.0,0,0,0,control,2024,matched twin,astrolads.com,,6.5,25
anothersite.nl,1,0.0,0.0,0.0,0,0,0,control,2023,matched twin,begradient.com,,26.5,25
anyscreensize.nl,1,0.0,0.0,0.0,0,0,0,narrower,,,,"$500,000 - $1M",14.8,25
anytime.nl,35,0.0,0.0,0.129,0,0,4,control,2022,matched twin,eigenz.nl,$2.5M - $5M,3.6,25
artdustries.com,1,0.0,0.0,0.0,0,0,0,control,2024,matched twin,lafortezza.nl,,38.3,25
articollation.com,1,0.0,0.0,0.0,0,0,0,control,2024,matched twin,wadm.nl,,,25
artitex.nl,3,0.0,0.0,-0.6667,0,0,-6,control,2023,matched twin,newimpression.nl,"$500,000 - $1M in revenue",3.0,25
artnic.nl,1,0.0,0.0,0.0,0,0,0,control,2023,matched twin,bbld.nl,,21.5,25
artofadvertising.nl,5,0.0,0.6667,1.5,0,2,3,control,2023,matched twin,behaviourclub.nl,,1,25
ascend-online.nl,8,0.1429,0.3333,1.0,1,2,4,control,2022,matched twin,eigenz.nl,,0.9,25
asociaalmarketing.nl,9,0.0,0.0,0.0,0,0,0,control,2023,matched twin,yummygum.com,,4.1,25
astrolads.com,12,-0.0769,0.0,0.0909,-1,0,1,narrower,2024,own,,"$500,000 - $1M",1.3,25
atlantiscreative.nl,4,-0.2,-0.3333,-0.2,-1,-2,-1,control,2024,matched twin,wadm.nl,"$500,000 - $1M",,25
atypisch.nl,1,0.0,0.0,0.0,0,0,0,narrower,2020,own,,,25.9,25
autobahn.nl,3,0.0,0.0,0.5,0,0,1,control,2025,matched twin,zalmpartners.nl,,,25
avancecommunicatie.nl,91,0.0111,0.0111,0.0225,1,1,2,control,2025,matched twin,zalmpartners.nl,$5M,13.9,25
axioma.nl,,,,,,,,control,2024,matched twin,astrolads.com,,,0
baakbeeld.nl,2,0.0,0.0,0.0,0,0,0,control,2023,matched twin,converzo.nl,,28.5,25
baasenbaas.nl,8,0.0,-0.2,-0.1111,0,-2,-1,control,2023,matched twin,behaviourclub.nl,,1.2,25
baazenco.nl,4,-0.2,-0.4286,-0.3333,-1,-3,-2,control,2023,matched twin,cornerstones.nl,$1M - $2.5M,,25
bajaca.nl,1,0.0,0.0,0.0,0,0,0,control,2022,matched twin,marketingguys.com,,18.6,25
bandwerk.nl,8,0.0,0.1429,0.6,0,1,3,control,2025,matched twin,mattercontentagency.com,,3.4,25
barneymedia.nl,7,-0.125,0.0,-0.125,-1,0,-1,narrower,2021,own,,$1M - $2.5M,4.9,25
bbld.nl,6,-0.1429,-0.1429,-0.3333,-1,-1,-3,narrower,2023,own,,$1M - $2.5M,6.0,25
be-interactive.nl,20,-0.0476,-0.0909,0.0,-1,-2,0,control,2025,matched twin,bigfish.nl,$1M - $2.5M,,25
be-remarkable.nl,6,-0.1429,-0.1429,-0.1429,-1,-1,-1,control,2020,matched twin,atypisch.nl,$1M - $2.5M,8.7,25
bearsfactory.nl,8,-0.1111,0.1429,0.0,-1,1,0,control,2025,matched twin,bullin.nl,,1.8,25
beeinteractive.nl,5,0.0,0.0,-0.2857,0,0,-2,control,2020,matched twin,buro28.nl,"$500,000 - $1M",4.6,25
begradient.com,40,0.1111,0.25,0.4286,4,8,12,narrower,2023,own,,$1M - $2.5M,1.7,25
behaviourclub.nl,10,-0.0909,-0.0909,0.25,-1,-1,2,narrower,2023,own,,,1.7,25
bengelmedia.nl,20,-0.1304,0.1111,0.0,-3,2,0,control,2023,matched twin,commar.nl,,4.8,25
bestmarketingbureau.nl,16,0.0667,0.3333,0.4545,1,4,5,control,2020,matched twin,contentxperience.nl,"$500,000 - $1M",2.5,25
betawerk.nl,23,-0.0417,-0.08,-0.08,-1,-2,-2,narrower,2020,own,,$1M - $2.5M,5.3,25
bigbirdmedia.nl,5,0.0,0.0,0.25,0,0,1,control,2025,matched twin,mattercontentagency.com,,2.0,25
bigfat.nl,12,-0.0769,-0.0769,-0.0769,-1,-1,-1,control,2020,matched twin,dubbel9.nl,,7.9,25
bigfish.nl,11,-0.0833,-0.2143,-0.2143,-1,-3,-3,narrower,2025,own,,,5.1,25
bijlpr.nl,19,-0.0952,0.0,-0.1364,-2,0,-3,control,2025,matched twin,zalmpartners.nl,$1M - $2.5M,5.8,25
binkinspireert.nl,3,0.0,0.0,0.5,0,0,1,control,2024,matched twin,create-convert.nl,"$500,000 - $1M",,25
bishop.nl,3,0.0,0.5,0.5,0,1,1,control,2025,matched twin,marketway.nl,,0.7,25
bitfactory.nl,31,-0.0882,-0.2791,-0.2619,-3,-12,-11,control,2020,matched twin,faktor22.nl,$20M - $50M,4.6,25
blinktuit.nl,12,-0.0769,-0.0769,0.0,-1,-1,0,narrower,2023,own,,$1M - $2.5M,6.1,25
bliqvangers.nl,3,-0.25,0.5,2.0,-1,1,2,narrower,2023,own,,"$0 - $500,000",0.6,25
bloeimedia.nl,2,0.0,0.0,0.0,0,0,0,control,2024,matched twin,buenaparte.nl,"$500,000 - $1M",19.3,25
blok56.nl,2,0.0,0.0,0.0,0,0,0,control,2025,matched twin,exitable.nl,,16.2,25
blucactus.nl,73,0.0,0.058,-0.1512,0,4,-13,control,2020,matched twin,brandfirm.nl,$2.5M - $5M,3.3,25
bolden.nl,11,0.0,0.1,-0.1538,0,1,-2,control,2020,matched twin,brandfirm.nl,$1M - $2.5M,6.1,25
bona-agency.com,2,0.0,0.0,1.0,0,0,1,control,2025,matched twin,cotd.nl,,,25
boodschapenbeeld.nl,2,0.0,0.0,0.0,0,0,0,control,2023,matched twin,commar.nl,,9.3,25
boomerangagency.com,,,,,,,,control,2025,matched twin,cotd.nl,,,0
booomdigital.nl,9,-0.1,-0.1,-0.3077,-1,-1,-4,control,2023,matched twin,vertigo6.nl,,,25
boostyour.marketing,2,0.0,0.0,0.0,0,0,0,control,2025,matched twin,buroboud.nl,,2.4,25
bootspat.nl,6,0.0,0.0,5.0,0,0,5,control,2023,matched twin,netprofiler.nl,,1.6,25
born05.com,14,-0.1765,-0.5882,-0.65,-3,-20,-26,control,2015,matched twin,fanwork.nl,$20M - $50M,6,25
brainstormenconcept.nl,11,0.0,0.1,0.375,0,1,3,control,2020,matched twin,grizzlymarketing.nl,,2,25
brancom.nl,8,0.0,0.1429,0.1429,0,1,1,control,2025,matched twin,marketway.nl,,7.6,25
brandbits.nl,5,0.0,0.25,0.0,0,1,0,control,2025,matched twin,imeco.nl,,1.4,25
brandcode.nl,8,-0.1111,-0.1111,0.3333,-1,-1,2,control,2025,matched twin,acato.nl,$1M - $2.5M,5.6,25
brandfirm.nl,62,0.069,0.1698,0.1273,4,9,7,narrower,2020,own,,$2.5M - $5M,2.3,25
brandforlife.nl,6,-0.1429,-0.1429,-0.1429,-1,-1,-1,control,2023,matched twin,newrise.nl,"$500,000 - $1M in revenue",3.6,25
brandinwebdesign.nl,2,0.0,0.0,0.0,0,0,0,control,2016,matched twin,takties.nl,,,25
brandleemedia.nl,1,0.0,0.0,0.0,0,0,0,control,2025,matched twin,creatievecampagnes.nl,,,25
brendly.nl,6,0.0,-0.25,-0.1429,0,-2,-1,control,2025,matched twin,creatievecampagnes.nl,"$0 - $500,000",,25
bright-bird.nl,1,0.0,0.0,0.0,0,0,0,control,2022,matched twin,marketingguys.com,,8.5,25
bsetmedia.nl,1,0.0,0.0,0.0,0,0,0,control,2025,matched twin,klubb.nl,,20.6,25
buenaparte.nl,10,0.1111,0.1111,0.6667,1,1,4,narrower,2024,own,,"$500,000 - $1M",2.3,25
bullin.nl,3,0.0,0.5,0.5,0,1,1,narrower,2024,own,,,0.9,25
bureaudrp.nl,47,0.093,0.2703,0.4242,4,10,14,control,2023,matched twin,netprofiler.nl,"$500,000 - $1M in revenue",2.9,25
bureaugigengack.nl,2,0.0,0.0,0.0,0,0,0,control,2020,matched twin,inventus.online,,9.6,25
bureauimago.nl,3,0.0,0.0,0.0,0,0,0,control,2024,matched twin,okapion.com,,,25
bureauvisueel.com,6,0.0,0.0,0.2,0,0,1,control,2025,matched twin,acato.nl,,2.1,25
buro19.nl,6,0.0,0.2,-0.3333,0,1,-3,control,2024,matched twin,okapion.com,"$500,000 - $1M",4.6,25
buro28.nl,1,0.0,0.0,0.0,0,0,0,narrower,2020,own,,,14.8,25
buroboud.nl,2,0.0,0.0,0.0,0,0,0,narrower,2025,own,,,9.7,25
byron.nl,5,0.0,0.0,-0.375,0,0,-3,control,2020,matched twin,reynhard.nl,$1M - $2.5M,3.7,25
bytomorrow.nl,5,-0.1667,0.0,0.25,-1,0,1,narrower,2024,own,,"$500,000 - $1M",1.3,25
chasemarketing.nl,20,-0.0909,0.0526,0.1111,-2,1,2,control,2024,matched twin,dd-h.com,$1M - $2.5M,,25
chunkagency.com,11,0.0,0.0,-0.1538,0,0,-2,control,2024,matched twin,dd-h.com,$2.5M - $5M,12.8,25
cieremansvanreijn.nl,6,-0.1429,0.0,0.2,-1,0,1,control,2024,matched twin,flink.nl,,11.1,25
claimyouraim.nl,10,0.1111,0.25,0.6667,1,2,4,control,2024,matched twin,create-convert.nl,,1.8,25
cloudfactory.nl,40,-0.0244,-0.0244,0.0,-1,-1,0,control,2023,matched twin,declubb.com,,10.9,25
colourcake.com,8,-0.1111,-0.4286,-0.7241,-1,-6,-21,control,2023,matched twin,declubb.com,,2.3,25
comlinq.nl,2,0.0,0.0,-0.3333,0,0,-1,control,2025,matched twin,klubb.nl,,1.8,25
comm-on.nu,16,0.0,0.0667,0.2308,0,1,3,control,2025,matched twin,aanjagers.nu,,5.7,25
commar.nl,4,0.0,0.0,0.3333,0,0,1,narrower,2024,own,,,6.7,25
commesso.nl,118,0.0442,0.1919,0.2826,5,19,26,control,2025,matched twin,jointlyheroes.nl,"$500,000 - $1M",4.2,25
communicatiekrachten.nl,23,0.15,0.2778,0.4375,3,5,7,control,2020,matched twin,reynhard.nl,,1.3,25
communicatieteam.nl,26,0.04,-0.037,0.04,1,-1,1,narrower,2023,own,,$1M - $2.5M,9.0,25
conceptcrew.nl,3,0.0,0.0,0.0,0,0,0,control,2020,matched twin,digitalnatives.nl,,,25
contentcoalitie.nl,2,0.0,0.0,-0.3333,0,0,-1,control,2023,matched twin,digitaaldoen.nl,"$500,000 - $1M",,25
contentkunstenaar.nl,8,0.1429,0.1429,0.0,1,1,0,control,2025,matched twin,olifantmedia.nl,,3.8,25
contentvorm.nl,2,0.0,0.0,-0.5,0,0,-2,control,2025,matched twin,imeco.nl,,2.6,25
contentxperience.nl,2,0.0,0.0,-0.5,0,0,-2,narrower,2020,own,,$1M - $2.5M,5,25
conversiepartners.nl,6,0.0,0.0,0.2,0,0,1,narrower,2023,own,,,7.3,25
conversive.nl,4,0.0,0.3333,0.0,0,1,0,narrower,2025,own,,"$500,000 - $1M",1.5,25
converzo.nl,2,0.0,0.0,0.0,0,0,0,narrower,2023,own,,"$500,000 - $1M",14.4,25
convident.nl,20,-0.0476,0.0,0.1111,-1,0,2,control,2022,matched twin,doenwijwel.nl,,4.2,25
cornerstones.nl,6,0.0,0.0,1.0,0,0,3,narrower,2023,own,,"$500,000 - $1M",1.8,25
crcl.nl,1,0.0,0.0,-0.5,0,0,-1,control,2020,matched twin,anyscreensize.com,,5.6,25
cre8agency.nl,13,0.3,0.8571,1.6,3,6,8,narrower,2024,own,,$1M - $2.5M,0.7,25
creanza.nl,2,0.0,0.0,0.0,0,0,0,control,2023,matched twin,lemon.nl,,2.5,25
createthebrand.nl,1,0.0,0.0,0.0,0,0,0,control,2025,matched twin,jointlyheroes.nl,,7.1,25
creation.nl,1,0.0,0.0,0.0,0,0,0,control,2025,matched twin,freshheads.com,"$0 - $500,000",12.7,25
creational.nl,1,0.0,0.0,0.0,0,0,0,control,2024,matched twin,elevendigital.nl,,,25
creativeflavours.nl,1,0.0,0.0,0.0,0,0,0,control,2020,matched twin,webelephant.nl,,,25
creativemules.com,7,0.0,-0.125,-0.3,0,-1,-3,control,2020,matched twin,digitalnatives.nl,,5.5,25
creativeskills.nl,11,0.0,0.0,-0.0833,0,0,-1,control,2020,matched twin,driebit.nl,$1M - $2.5M,7.3,25
creja.nl,4,0.0,0.0,0.0,0,0,0,control,2024,matched twin,flink.nl,,11.3,25
crossmediahouse.nl,3,-0.25,-0.25,-0.25,-1,-1,-1,control,2024,matched twin,gladior.com,,12.3,25
ctwee.nl,4,0.0,0.0,0.0,0,0,0,control,2025,matched twin,buroboud.nl,,33,25
cubicmill.com,4,-0.2,-0.2,-0.2,-1,-1,-1,control,2020,matched twin,driebit.nl,,4,25
customwebsite.nl,5,0.0,-0.1667,0.25,0,-1,1,control,2022,matched twin,doenwijwel.nl,"$500,000 - $1M",,25
cuttheweb.nl,7,0.0,0.0,0.0,0,0,0,control,2025,matched twin,jibe-group.com,,4.7,25
daburo.nl,,,,,,,,control,2020,matched twin,webelephant.nl,"$500,000 - $1M",,0
danki.com,6,0.0,0.2,0.2,0,1,1,control,2023,matched twin,flatlineagency.com,"$500,000 - $1M",3.7,25
darcdesign.nl,1,0.0,0.0,0.0,0,0,0,control,2023,matched twin,commar.nl,,52.7,25
dbk.nl,8,0.0,-0.1111,-0.1111,0,-1,-1,control,2023,matched twin,tres.nl,,,25
dd-h.com,10,0.0,0.0,0.1111,0,0,1,narrower,2024,own,,$1M - $2.5M,8.2,25
dd.agency,21,0.1053,0.5,0.4,2,7,6,control,2023,matched twin,flatlineagency.com,$1M - $2.5M,2.3,25
de-reclamefabriek.nl,29,0.0357,-0.0333,0.0741,1,-1,2,narrower,2025,own,,,3.3,25
dearivy.nl,5,0.0,1.5,1.5,0,3,3,control,2020,matched twin,faktor22.nl,"$500,000 - $1M",0.8,25
declubb.com,4,0.0,-0.2,-0.4286,0,-1,-3,narrower,2023,own,,$1M - $2.5M,3.3,25
degelijkdesign.nl,1,0.0,0.0,0.0,0,0,0,control,2023,matched twin,vonc.nl,,,25
deindruk.nl,26,-0.1034,-0.1034,0.0,-3,-3,0,control,2024,matched twin,bytomorrow.nl,,3.7,25
delucro.nl,3,0.0,0.0,0.5,0,0,1,control,2024,matched twin,gigaleads.nl,,1,25
demakersvanmooi.nl,2,0.0,0.0,0.0,0,0,0,control,2023,matched twin,digitaaldoen.nl,"$0 - $500,000",,25
dentsu.com,,,,,,,,control,2024,matched twin,gigaleads.nl,,,0
dentsucreative.amsterdam,,,,,,,,control,2022,matched twin,globalvillagemedia.nl,,,0
deptagency.com,,,,,,,,control,2022,matched twin,globalvillagemedia.nl,,,0
deregiekamer.nl,3,0.0,0.0,0.0,0,0,0,control,2025,matched twin,lemone.com,,17.3,25
designchefs.nl,2,0.0,0.0,0.0,0,0,0,control,2024,matched twin,npncommunicatie.nl,,10.4,25
designpro.nl,39,0.0,0.0263,-0.0488,0,1,-2,control,2023,matched twin,wveen.com,,,25
devife.com,2,0.0,1.0,-0.5,0,1,-2,narrower,2025,own,,,0.8,25
dickhoffdesign.com,2,0.0,0.0,0.0,0,0,0,control,2023,matched twin,go2people.nl,"$500,000 - $1M",12.8,25
diezign.nl,1,0.0,0.0,0.0,0,0,0,control,2020,matched twin,hertoggrafimedia.nl,,,25
digidee.nl,4,0.0,0.0,-0.2,0,0,-1,control,2024,matched twin,gladior.com,"$500,000 - $1M",23.3,25
digimedion.nl,3,0.0,0.0,0.0,0,0,0,control,2020,matched twin,fruto.nl,,,25
diginauts.co,13,0.0,0.0833,0.0833,0,1,1,control,2023,matched twin,go2people.nl,$1M - $2.5M,4.3,25
digishock.com,7,0.1667,0.4,1.3333,1,2,4,control,2020,matched twin,buro28.nl,,1.2,25
digitaaldoen.nl,1,0.0,0.0,0.0,0,0,0,narrower,2023,own,,,14.0,25
digitalguys.nl,5,0.25,0.0,0.6667,1,0,2,control,2022,matched twin,seoforyou.nl,"$500,000 - $1M",1.1,25
digitalinside.nl,12,-0.0769,-0.1429,0.0,-1,-2,0,control,2015,matched twin,fanwork.nl,"$500,000 - $1M",4.1,25
digitalnatives.nl,20,-0.0909,0.0526,-0.0476,-2,1,-1,narrower,2020,own,,,4.6,25
digitalness.nl,4,0.0,0.0,0.0,0,0,0,control,2020,matched twin,buro28.nl,"$500,000 - $1M",4.1,25
dmarc.nl,12,0.0,-0.1429,-0.1429,0,-2,-2,control,2024,matched twin,npncommunicatie.nl,$2.5M - $5M,9.9,25
doelgroepbereikt.nl,2,0.0,0.0,0.0,0,0,0,narrower,2022,own,,,1.4,25
doenwijwel.nl,4,0.0,0.0,-0.3333,0,0,-2,narrower,2022,own,,"$500,000 - $1M",4.1,25
dominomedia.nl,1,0.0,0.0,0.0,0,0,0,control,2024,matched twin,bytomorrow.nl,,19.2,25
dotverbindt.nl,14,0.0,-0.0667,0.0769,0,-1,1,control,2025,matched twin,bullin.nl,"$500,000 - $1M",7.1,25
driebit.nl,8,-0.1111,-0.2727,-0.2727,-1,-3,-3,narrower,2020,own,,$1M - $2.5M,5.7,25
dubbel9.nl,2,1.0,1.0,1.0,1,1,1,narrower,2020,own,,"$0 - $500,000",0.3,25
dunepebbler.nl,11,0.2222,0.375,0.2222,2,3,2,control,2023,matched twin,wveen.com,$1M - $2.5M,,25
dutchblue.nl,2,0.0,0.0,1.0,0,0,1,control,2020,matched twin,hertoggrafimedia.nl,$1M - $2.5M,2,25
dutchbros.nl,44,0.1282,0.1892,0.76,5,7,19,control,2025,matched twin,webdesign-direct.nl,,,25
dutchwebdesign.nl,16,-0.1111,-0.2381,-0.3333,-2,-5,-8,control,2025,matched twin,headsprung.nl,$2.5M - $5M,1.9,25
dwzo.nl,3,0.0,0.0,0.5,0,0,1,narrower,2020,own,,,1.5,25
echeloncreations.nl,1,0.0,0.0,0.0,0,0,0,control,2024,matched twin,cre8agency.nl,,,25
edenfrost.com,6,0.0,0.0,-0.1429,0,0,-1,control,2025,matched twin,headsprung.nl,,12.3,25
eenvoud.nl,24,-0.04,-0.1111,-0.1429,-1,-3,-4,control,2025,matched twin,jungleminds.nl,,8.4,25
eigenz.nl,2,0.0,0.0,0.0,0,0,0,narrower,2022,own,,,25.7,25
elephantdesign.nl,4,0.0,0.0,0.0,0,0,0,control,2020,matched twin,betawerk.nl,"$500,000 - $1M",,25
elevendigital.nl,2,0.0,0.0,0.0,0,0,0,narrower,2024,own,,,8.2,25
elstarcommunicatie.nl,2,0.0,0.0,1.0,0,0,1,narrower,2024,own,,,1.5,25
epic.nl,2,0.0,0.0,0.0,0,0,0,control,2025,matched twin,jungleminds.nl,,15.3,25
exitable.nl,16,-0.0588,-0.1111,-0.1579,-1,-2,-3,narrower,2025,own,,,4.8,25
exsitemedia.nl,2,0.0,0.0,0.0,0,0,0,control,2024,matched twin,makemarketingmagic.com,,8.3,25
eye-c.nl,15,-0.1667,0.25,0.5,-3,3,5,control,2023,matched twin,grndworx.com,,4.1,25
faktor22.nl,1,0.0,0.0,0.0,0,0,0,narrower,2020,own,,,18.3,25
fanwork.nl,28,0.0,0.037,0.0,0,1,0,narrower,2015,own,,$1M - $2.5M,4.3,25
fffunction.studio,10,0.0,0.1111,0.1111,0,1,1,control,2023,matched twin,lemon.nl,,2.5,25
fideo.nl,8,-0.1111,0.0,0.1429,-1,0,1,control,2023,matched twin,jijonline.nu,,8.1,25
findfactory.nl,13,0.0833,0.0,-0.1333,1,0,-2,control,2025,matched twin,freshheads.com,$1M - $2.5M,3.9,25
fitzroy.nl,38,-0.0256,-0.05,0.027,-1,-2,1,control,2024,matched twin,makemarketingmagic.com,$1M - $2.5M in revenue,6.8,25
flatlineagency.com,30,0.2,0.25,0.3043,5,6,7,narrower,2023,own,,$10M - $20M,0.9,25
flax.marketing,,,,,,,,control,2023,matched twin,grndworx.com,"$500,000 - $1M",,0
flink.nl,24,-0.04,0.0,0.0,-1,0,0,narrower,2024,own,,$1M - $2.5M,6.1,25
flirtcreativity.com,7,0.0,0.0,0.0,0,0,0,control,2025,matched twin,marketingshift.nl,,2.3,25
fresher.nl,20,0.0,0.0,0.0,0,0,0,control,2025,matched twin,partout.nl,,8.6,25
freshheads.com,50,0.0417,0.0417,0.0417,2,2,2,narrower,2025,own,,$20M - $50M,4.7,25
friskagency.com,5,0.25,0.0,0.0,1,0,0,narrower,2025,own,,"$500,000 - $1M",1.2,25
frontis.nl,46,-0.0213,-0.0417,0.0,-1,-2,0,narrower,2025,own,,$5M - $10M,4.1,25
fruto.nl,1,0.0,0.0,0.0,0,0,0,narrower,2020,own,,,20.6,25
fuelled.nl,2,0.0,1.0,1.0,0,1,1,narrower,2024,own,,,0.8,25
fundament.nl,10,0.0,-0.0909,-0.2308,0,-1,-3,narrower,2024,own,,$2.5M - $5M,5.6,25
fuse-communication.com,3,0.0,0.0,-0.25,0,0,-1,control,2025,matched twin,marketingshift.nl,"$500,000 - $1M in revenue",10.9,25
fwdconcept.nl,2,0.0,0.0,0.0,0,0,0,control,2020,matched twin,contentxperience.nl,"$500,000 - $1M",17,25
fyndable.online,4,0.0,0.0,0.0,0,0,0,control,2025,matched twin,bullin.nl,,,25
fynt.nl,5,0.0,-0.1667,-0.1667,0,-1,-1,narrower,2025,own,,,3.9,25
getforward.nl,10,-0.0909,0.1111,0.0,-1,1,0,control,2023,matched twin,jijonline.nu,,0.7,25
gigaleads.nl,5,0.0,-0.1667,-0.5455,0,-1,-6,narrower,2024,own,,$1M - $2.5M,3.7,25
gladior.com,41,-0.0465,-0.0682,0.0,-2,-3,0,narrower,2024,own,,$2.5M - $5M,5.3,25
globalvillagemedia.nl,10,0.0,0.0,0.0,0,0,0,narrower,2022,own,,"$500,000 - $1M",17.7,25
go2people.nl,20,0.1111,0.4286,0.25,2,6,4,narrower,2023,own,,$2.5M - $5M,2.6,25
goldfizh.nl,42,-0.087,-0.16,-0.1064,-4,-8,-5,control,2023,matched twin,labdigital.nl,$2.5M - $5M in revenue,3.5,25
greencreatives.nl,1,0.0,0.0,0.0,0,0,0,control,2024,matched twin,mattmo.nl,,17.5,25
gripoponline.nl,6,0.0,0.2,-0.1429,0,1,-1,control,2025,matched twin,partout.nl,"$500,000 - $1M",1,25
grizzlymarketing.nl,94,-0.0874,-0.1132,-0.1132,-9,-12,-12,narrower,2020,own,,$20M - $50M,3.8,25
grndworx.com,8,0.0,0.0,-0.1111,0,0,-1,narrower,2023,own,,"$500,000 - $1M",4.2,25
groovedigital.agency,7,0.0,-0.125,0.0,0,-1,0,control,2024,matched twin,mattmo.nl,,1.8,25
hammerfest.co,121,-0.0242,0.1415,0.2474,-3,15,24,control,2024,matched twin,mediabirds.nl,$2.5M - $5M in revenue,2.7,25
hammondcommunications.nl,2,0.0,0.0,0.0,0,0,0,control,2024,matched twin,pubmarket.nl,,15.9,25
happiness-anywhere.com,9,-0.1,-0.1,0.5,-1,-1,3,control,2024,matched twin,mediabirds.nl,"$500,000 - $1M in revenue",0.6,25
headsprung.nl,8,0.0,0.6,0.0,0,3,0,narrower,2025,own,,"$500,000 - $1M",1.0,25
helloitsme.online,17,-0.1053,0.1333,0.7,-2,2,7,control,2020,matched twin,firmedia.com,$1M - $2.5M,1.8,25
hellosuperheroes.com,54,-0.069,-0.0357,0.2857,-4,-2,12,control,2018,matched twin,mensch-amsterdam.com,$10M - $20M in revenue,2.0,25
hertoggrafimedia.nl,,,,,,,,narrower,2024,own,,,,0
higuita.amsterdam,19,0.0,0.0,0.0556,0,0,1,control,2018,matched twin,mensch-amsterdam.com,$1M - $2.5M in revenue,3.7,25
hike.one,34,0.0303,0.0625,-0.0811,1,2,-3,control,2025,matched twin,no7.digital,$5M - $10M in revenue,6.5,25
hiveminds.nl,2,0.0,0.0,1.0,0,0,1,control,2023,matched twin,labdigital.nl,"$500,000 - $1M in revenue",1.0,25
hlobranding.com,17,-0.0556,0.3077,0.1333,-1,4,2,control,2020,matched twin,pangaea.nl,,2.7,25
houseofeighty8.nl,6,-0.1429,1.0,5.0,-1,3,5,control,2025,matched twin,no7.digital,"$500,000 - $1M in revenue",0.7,25
houseofsocialmedia.nl,3,0.0,0.0,0.0,0,0,0,narrower,2024,own,,,4.7,25
huiscommunicatie.nl,13,0.0,0.0,0.0,0,0,0,narrower,2020,own,,$1M - $2.5M,3.9,25
ilerimedia.nl,1,0.0,0.0,0.0,0,0,0,control,2020,matched twin,contentxperience.nl,,15.3,25
imeco.nl,,,,,,,,narrower,2025,own,,,,0
imgraphics.nl,2,0.0,0.0,0.0,0,0,0,narrower,2020,own,,"$500,000 - $1M",10.6,25
indicia.nl,134,-0.0884,0.0308,0.0894,-13,4,11,control,2023,matched twin,thatinnerflame.com,$10M - $20M,3.8,25
inktzwartekaters.nl,1,0.0,0.0,0.0,0,0,0,control,2023,matched twin,communicatieteam.nl,,,25
inventus.online,18,-0.1818,-0.0526,-0.0526,-4,-1,-1,narrower,2020,own,,$1M - $2.5M,5.3,25
iosono.nl,,,,,,,,control,2023,matched twin,thatinnerflame.com,,,0
ismotion.nl,1,0.0,0.0,0.0,0,0,0,control,2023,matched twin,newimpression.nl,,8.1,25
jakdesign.nl,3,0.0,0.0,0.0,0,0,0,control,2023,matched twin,vonc.nl,,,25
jibe-group.com,17,0.0,-0.0556,0.2143,0,-1,3,narrower,2025,own,,$1M - $2.5M,3.3,25
jijonline.nu,5,0.0,-0.1667,-0.1667,0,-1,-1,narrower,2023,own,,"$500,000 - $1M",6.1,25
jmr-digital.com,13,0.0,0.0833,0.4444,0,1,4,control,2025,matched twin,noise.nl,,3.7,25
joepublic.nl,39,0.1471,0.1818,0.7727,5,6,17,control,2025,matched twin,noise.nl,,1.8,25
jointlyheroes.nl,2,0.0,0.0,-0.3333,0,0,-1,narrower,2025,own,,"$500,000 - $1M",7.9,25
jungleminds.com,18,0.0588,-0.0526,-0.3077,1,-1,-8,narrower,,,,$2.5M - $5M,4.2,25
junnect.nl,9,0.0,0.125,0.125,0,1,1,control,2023,matched twin,leadi.nl,,2.4,25
kaliber.net,50,-0.0741,-0.0385,-0.1935,-4,-2,-12,control,2025,matched twin,marketingcollega.nl,$5M - $10M in revenue,4.9,25
keenr.nl,3,0.0,-0.5,-0.6667,0,-3,-6,control,2024,matched twin,obvallend.nl,"$500,000 - $1M",,25
keyagency.nl,45,0.0,-0.0816,-0.0217,0,-4,-1,control,2024,matched twin,obvallend.nl,$2.5M - $5M,4,25
kinsmen.tv,7,0.0,-0.125,0.0,0,-1,0,control,2023,matched twin,communicatieteam.nl,"$500,000 - $1M",,25
kleinmedia.nl,15,0.0714,0.0714,0.5,1,1,5,control,2023,matched twin,opklopper.nl,"$500,000 - $1M",3.3,25
klemtoonmedia.nl,2,0.0,0.0,0.0,0,0,0,narrower,2020,own,,,12.4,25
klubb.nl,3,0.0,0.0,-0.25,0,0,-1,narrower,2025,own,,,2.7,25
koos.agency,75,0.0274,0.0563,0.1194,2,4,8,control,2023,matched twin,opklopper.nl,$10M - $20M,4.5,25
krbcommunicatie.nl,12,0.2,0.3333,0.3333,2,3,3,control,2020,matched twin,pangaea.nl,"$500,000 - $1M",2.9,25
lab701.nl,2,0.0,0.0,0.0,0,0,0,control,2023,matched twin,smaac.nl,"$500,000 - $1M",2.7,25
labdigital.nl,81,-0.0795,-0.1649,0.0125,-7,-16,1,narrower,2023,own,,,2.9,25
lafortezza.nl,5,0.6667,0.6667,1.5,2,2,3,narrower,2024,own,,,0.3,25
leadi.nl,2,-0.3333,-0.3333,0.0,-1,-1,0,narrower,2023,own,,,1.7,25
leadsmaster.nl,6,-0.1429,0.2,1.0,-1,1,3,control,2025,matched twin,marketingcollega.nl,"$500,000 - $1M in revenue",1.7,25
lemone.com,29,0.0741,0.0357,0.1154,2,1,3,narrower,2025,own,,$1M - $2.5M,2.3,25
lemonscentedtea.com,12,-0.2941,-0.25,-0.3333,-5,-4,-6,control,2025,matched twin,searchlab.nl,$1M - $2.5M,4.9,25
lesupermarche.nl,3,-0.25,0.0,0.5,-1,0,1,control,2024,matched twin,pubmarket.nl,"$500,000 - $1M",1.6,25
likefriends.nl,1,-0.5,-0.5,,-1,-1,,control,2025,matched twin,searchlab.nl,$1M - $2.5M,,13
likehoney.nl,14,0.0,-0.2222,-0.2632,0,-4,-5,control,2022,matched twin,marketingkraam.nl,,2.2,25
lime-c.nl,2,0.0,0.0,0.0,0,0,0,narrower,2025,own,,,14.3,25
limesquare.nl,22,-0.0833,0.0476,0.1579,-2,1,3,control,2022,matched twin,seoforyou.nl,,4.5,25
lvb.nl,10,0.0,-0.0909,-0.2857,0,-1,-4,control,2022,matched twin,marketingkraam.nl,,4.4,25
mackintoshbranding.com,3,0.0,0.0,0.5,0,0,1,control,2020,matched twin,betawerk.nl,,1.6,25
maibru.com,2,0.0,0.0,0.0,0,0,0,control,2024,matched twin,smartmediamasters.nl,,7.5,25
makemarketingmagic.com,24,-0.0769,-0.0769,-0.3514,-2,-2,-13,narrower,2024,own,,$2.5M - $5M,5.8,25
manifyagency.com,19,-0.05,0.0,0.1176,-1,0,2,control,2023,matched twin,strangelove.nl,$1M - $2.5M,1.5,25
markaching.nl,4,0.0,0.0,0.3333,0,0,1,control,2024,matched twin,cre8agency.nl,,,25
marketingguys.com,13,-0.0714,-0.1333,-0.1875,-1,-2,-3,narrower,2022,own,,$1M - $2.5M,4.5,25
marketingkraam.nl,7,0.1667,0.4,0.75,1,2,3,narrower,2022,own,,"$500,000 - $1M",1.6,25
marketingshift.nl,2,0.0,0.0,0.0,0,0,0,narrower,2025,own,,,7.2,25
marketway.nl,4,0.0,0.3333,0.3333,0,1,1,narrower,2025,own,,,2.1,25
mattercontentagency.com,68,-0.0423,-0.0423,0.1148,-3,-3,7,narrower,2025,own,,$10M - $20M,3.8,25
mattmo.nl,15,0.0,0.0714,0.0714,0,1,1,narrower,2024,own,,$1M - $2.5M,12.8,25
mediabirds.nl,10,-0.0909,0.25,0.1111,-1,2,1,narrower,2024,own,,$1M - $2.5M,1.0,25
meercollective.nl,2,0.0,0.0,-0.3333,0,0,-1,control,2023,matched twin,strangelove.nl,,6.3,25
meewerk.com,,,,,,,,control,2024,matched twin,smartmediamasters.nl,,,0
mensch-amsterdam.com,7,-0.2222,-0.3,0.0,-2,-3,0,narrower,2024,own,,"$500,000 - $1M",4.9,25
metmotion.nl,4,0.0,0.0,-0.4286,0,0,-3,control,2023,matched twin,thisisqi.nl,"$500,000 - $1M",7.6,25
mmnt.nl,,,,,,,,control,2023,matched twin,thebravenewnow.com,,,0
natwerk.nl,38,-0.0256,0.1176,0.027,-1,4,1,control,2023,matched twin,thebravenewnow.com,$10M - $20M,1.7,25
nedfinity.com,12,-0.0769,-0.1429,0.0,-1,-2,0,narrower,2024,own,,$1M - $2.5M,2.9,25
netprofiler.nl,34,-0.0556,-0.0556,-0.1905,-2,-2,-8,narrower,2023,own,,$20M - $50M,4.8,25
netxz.nl,1,0.0,0.0,-0.75,0,0,-3,control,2025,matched twin,turntwo.com,"$500,000 - $1M",,25
newimpression.nl,2,0.0,0.0,-0.3333,0,0,-1,narrower,2023,own,,,5.5,25
newrise.nl,15,-0.1667,-0.25,-0.1176,-3,-5,-2,narrower,2024,own,,$1M - $2.5M,2.5,25
nodefy.nl,9,0.125,0.5,0.8,1,3,4,control,2025,matched twin,turntwo.com,"$500,000 - $1M",1.1,25
nofie.nl,,,,,,,,control,2025,matched twin,aanjagers.nu,,,0
nohaucreative.nl,1,-0.5,-0.5,-0.5,-1,-1,-1,control,2024,matched twin,upside.nl,,12.3,25
noise.nl,85,-0.0116,-0.0659,-0.0659,-1,-6,-6,narrower,2024,own,,$10M - $20M,3.1,25
nomadoo.nl,2,0.0,0.0,0.0,0,0,0,narrower,2024,own,,,4.8,25
nordique.nl,9,-0.1818,-0.25,-0.1818,-2,-3,-2,control,2023,matched twin,vrijdagonline.nl,,,25
npncommunicatie.nl,3,0.0,0.0,0.5,0,0,1,narrower,2024,own,,,1.8,25
nubisonline.com,,,,,,,,control,2024,matched twin,upside.nl,,,0
o2communicatie.nl,10,-0.0909,-0.1667,-0.0909,-1,-2,-1,control,2023,matched twin,thisisqi.nl,$1M - $2.5M,1.8,25
obvallend.nl,3,0.0,0.0,0.5,0,0,1,narrower,2024,own,,"$500,000 - $1M",1.4,25
odiv.nl,23,0.0,0.0,0.2778,0,0,5,control,2020,matched twin,atypisch.nl,$2.5M - $5M,1.6,25
ogilvy.nl,52,-0.1034,-0.1746,-0.2973,-6,-11,-22,control,2025,matched twin,vormdestad.nl,,3.4,25
okapion.com,7,0.0,0.0,-0.125,0,0,-1,narrower,2024,own,,"$500,000 - $1M",5.9,25
olifantmedia.nl,19,0.0556,-0.05,0.1875,1,-1,3,narrower,2024,own,,$2.5M - $5M,2.0,25
onlineperformance.agency,8,-0.2,-0.1111,-0.2727,-2,-1,-3,control,2020,matched twin,atypisch.nl,$1M - $2.5M,2.2,25
opklopper.nl,15,-0.1176,0.0,0.0714,-2,0,1,narrower,2024,own,,"$500,000 - $1M",3.1,25
oppepper.nl,15,-0.1176,0.0,-0.1176,-2,0,-2,narrower,2024,own,,$1M - $2.5M,2.0,25
panbranding.nl,3,0.0,0.0,0.0,0,0,0,narrower,2025,own,,,7,25
pangaea.nl,25,-0.0385,0.0,0.1905,-1,0,4,narrower,2020,own,,$2.5M - $5M,3.8,25
partout.nl,19,-0.05,-0.1364,-0.3667,-1,-3,-11,narrower,2024,own,,$2.5M - $5M,9.3,25
personacompany.com,18,0.0588,0.125,0.125,1,2,2,control,2025,matched twin,vormdestad.nl,"$500,000 - $1M",,25
pig.works,3,0.0,0.0,0.0,0,0,0,control,2020,matched twin,wrkt.nl,"$500,000 - $1M",3.4,25
pingwin.nl,4,0.0,0.0,0.0,0,0,0,control,2020,matched twin,wrkt.nl,,,25
pixoyo.nl,1,0.0,0.0,0.0,0,0,0,control,2023,matched twin,yummygum.com,,17.6,25
playforward.nl,7,0.0,0.0,0.0,0,0,0,control,2023,matched twin,conversiepartners.nl,"$500,000 - $1M",,25
plopmarketing.com,7,-0.4167,-0.3,-0.4167,-5,-3,-5,control,2023,matched twin,yummygum.com,$1M - $2.5M,4.3,25
pre-pare.nl,1,0.0,0.0,0.0,0,0,0,control,2023,matched twin,leadi.nl,,29.4,25
pubmarket.nl,58,-0.0333,-0.0645,-0.0333,-2,-4,-2,narrower,2024,own,,$5M - $10M,5.3,25
reachcommunications.nl,4,0.0,0.3333,1.0,0,1,2,control,2025,matched twin,devife.com,"$500,000 - $1M",,25
reclame-totaal.nl,1,0.0,0.0,0.0,0,0,0,control,2015,matched twin,supportflex.nl,,13.8,25
renovatiomedia.nl,1,0.0,0.0,0.0,0,0,0,control,2023,matched twin,vrijdagonline.nl,"$0 - $500,000",,25
reynhard.nl,1,0.0,0.0,0.0,0,0,0,narrower,2020,own,,,18.7,25
rik.marketing,2,0.0,0.0,0.0,0,0,0,control,2023,matched twin,fuelled.nl,"$500,000 - $1M",3.9,25
rocketing.nl,2,0.0,0.0,0.0,0,0,0,narrower,2023,own,,"$500,000 - $1M",6.6,25
roxtar.nl,10,-0.2308,-0.3333,0.25,-3,-5,2,control,2010,matched twin,sigmasolutions.nl,"$500,000 - $1M",1.4,25
rozepepers.nl,8,0.1429,0.3333,1.6667,1,2,5,control,2023,matched twin,vizien.nl,,,25
rsmediaworks.nl,5,0.0,0.25,0.6667,0,1,2,control,2015,matched twin,supportflex.nl,,,25
rubrix.nl,1,-0.5,-0.6667,,-1,-2,,narrower,2023,own,,,,14
sausmakers.nl,3,0.0,0.0,0.0,0,0,0,narrower,2024,own,,,3.0,25
sdgworks.nl,1,0.0,0.0,0.0,0,0,0,narrower,2024,own,,,6.3,25
searchlab.nl,1,0.0,0.0,0.0,0,0,0,narrower,2024,own,,,10.0,25
seoforyou.nl,6,0.0,0.0,-0.25,0,0,-2,narrower,2024,own,,,6.7,25
sherpagrafischontwerp.nl,1,0.0,0.0,0.0,0,0,0,narrower,2024,own,,,19.2,25
sigmasolutions.nl,17,0.0625,0.1333,0.2143,1,2,3,narrower,2024,own,,$1M - $2.5M,1.8,25
smaac.nl,11,0.0,0.0,-0.1538,0,0,-2,narrower,2023,own,,$2.5M - $5M,3.5,25
smartmediamasters.nl,5,0.0,-0.1667,-0.1667,0,-1,-1,narrower,2024,own,,"$500,000 - $1M",2.7,25
statement.nl,5,0.0,0.0,0.0,0,0,0,control,2021,matched twin,xpectkemps.nl,"$500,000 - $1M",13.5,25
strangelove.nl,9,-0.1,-0.3571,-0.5909,-1,-5,-13,narrower,2024,own,,$1M - $2.5M,7.8,25
strila.nl,2,0.0,0.0,0.0,0,0,0,narrower,2024,own,,,2.2,25
studiodani.nl,1,0.0,0.0,0.0,0,0,0,control,2020,matched twin,dubbel9.nl,,6.8,25
studiorbee.nl,1,0.0,0.0,0.0,0,0,0,control,2020,matched twin,dubbel9.nl,,17.4,25
supportflex.nl,16,-0.0588,-0.0588,0.1429,-1,-1,2,narrower,2024,own,,,4.5,25
takties.nl,1,0.0,0.0,0.0,0,0,0,narrower,2016,own,,,13.8,25
tekstueel-communicatie.nl,7,-0.125,0.0,0.0,-1,0,0,narrower,2023,own,,"$500,000 - $1M",3.5,25
tenzer.nl,5,0.0,0.0,0.0,0,0,0,narrower,2024,own,,,4.1,25
thatinnerflame.com,3,0.0,-0.25,-0.5714,0,-1,-4,narrower,2024,own,,"$500,000 - $1M",1.3,25
theapsgroup.com,,,,,,,,control,2025,matched twin,fynt.nl,,,0
thebravenewnow.com,4,0.0,0.0,0.0,0,0,0,narrower,2023,own,,$1M - $2.5M,12,25
thisisqi.nl,185,0.0,0.0393,0.0882,0,7,15,narrower,2024,own,,,8.9,25
thrillmedia.nl,3,0.0,0.0,-0.25,0,0,-1,control,2025,matched twin,webcrafter.nl,"$500,000 - $1M",,25
tomorrowmen.nl,49,0.0652,0.1395,0.1951,3,6,8,control,2023,matched twin,fundament.nl,$2.5M - $5M,2.4,25
transvormatie.nl,1,0.0,0.0,0.0,0,0,0,control,2020,matched twin,imgraphics.nl,,23.5,25
tres.nl,97,0.0104,0.0543,0.0899,1,5,8,narrower,2023,own,,$20M - $50M,4.4,25
trimm.nl,84,0.05,-0.0233,-0.1429,4,-2,-14,narrower,2024,own,,$20M - $50M,6.8,25
turntwo.com,9,0.2857,0.5,1.25,2,3,5,narrower,2025,own,,"$500,000 - $1M",1.4,25
ultrax.agency,2,0.0,0.0,0.0,0,0,0,control,2025,matched twin,webcrafter.nl,,,25
upside.nl,2,0.0,0.0,-0.3333,0,0,-1,narrower,2024,own,,,9.4,25
vertigo6.nl,34,0.0,0.0303,0.1724,0,1,5,narrower,2023,own,,$1M - $2.5M,2.6,25
vizien.nl,8,0.0,0.3333,0.0,0,2,0,narrower,2024,own,,,2.7,25
vonc.nl,28,0.037,0.12,0.4,1,3,8,narrower,2024,own,,,4.1,25
vormdestad.nl,13,0.0833,0.0833,0.4444,1,1,4,narrower,2024,own,,,2.4,25
vrijdagonline.nl,6,-0.3333,-0.4,-0.4,-3,-4,-4,narrower,2023,own,,$2.5M - $5M,6.9,25
wadm.nl,21,-0.0455,0.0,0.05,-1,0,1,narrower,2024,own,,$2.5M - $5M,4.7,25
webcrafter.nl,5,0.0,0.0,0.0,0,0,0,narrower,2024,own,,,3.0,25
webdesign-direct.nl,,,,,,,,narrower,2025,own,,,,0
webelephant.nl,24,-0.0769,-0.25,-0.25,-2,-8,-8,narrower,2024,own,,$1M - $2.5M,3.5,25
webinzicht.nl,1,0.0,0.0,0.0,0,0,0,control,2023,matched twin,fundament.nl,,29.7,25
websignaal.nl,5,0.0,0.0,0.0,0,0,0,narrower,2024,own,,,12.9,25
websitefreaks.nl,1,0.0,0.0,0.0,0,0,0,narrower,2023,own,,,7.7,25
webton.nl,18,0.0,0.0588,-0.0526,0,1,-1,control,2025,matched twin,trimm.nl,$1M - $2.5M,4.4,25
wrkt.nl,4,0.0,1.0,1.0,0,2,2,narrower,2024,own,,"$500,000 - $1M",1.0,25
wveen.com,1,0.0,0.0,0.0,0,0,0,narrower,2024,own,,,13.3,25
x-com.nl,47,0.0444,0.119,0.0217,2,5,1,narrower,2024,own,,$2.5M - $5M,5.3,25
xpectkemps.nl,2,0.0,0.0,0.0,0,0,0,narrower,2024,own,,"$500,000 - $1M",6.6,25
yummygum.com,11,-0.0833,0.1,0.1,-1,1,1,narrower,2024,own,,$1M - $2.5M,5.0,25
z-studio.nl,2,0.0,0.0,0.0,0,0,0,control,2023,matched twin,websitefreaks.nl,,,25
zalmpartners.nl,4,0.3333,0.3333,-0.2,1,1,-1,narrower,2025,own,,"$500,000 - $1M",0.8,25
