domain,window,cases_total,cases_with_number,revenue_sales,leads_inquiries,traffic,conversion,seo_positions,ad_performance,reach_views,other
0209design.nl,after,63,0,0,0,0,0,0,0,0,0
0209design.nl,today,72,0,0,0,0,0,0,0,0,0
072design.nl,after,8,0,0,0,0,0,0,0,0,0
072design.nl,today,7,0,0,0,0,0,0,0,0,0
0to9.nl_388,today,8,0,0,0,0,0,0,0,0,0
100procent.nl_389,today,4,1,0,1,0,0,0,0,0,0
10uur.nl,after,4,0,0,0,0,0,0,0,0,0
10uur.nl,before,2,0,0,0,0,0,0,0,0,0
10uur.nl,today,16,0,0,0,0,0,0,0,0,0
1kilotekst.nl,before,3,0,0,0,0,0,0,0,0,0
1kilotekst.nl,today,20,0,0,0,0,0,0,0,0,0
2bmedia.nl,after,3,0,0,0,0,0,0,0,0,0
2bmedia.nl,today,5,0,0,0,0,0,0,0,0,0
2kwadraat.nl,after,9,0,0,0,0,0,0,0,0,0
2kwadraat.nl,before,11,1,0,0,0,0,0,0,1,0
2kwadraat.nl,today,1,0,0,0,0,0,0,0,0,0
2manydots.nl,after,66,12,1,1,4,0,6,0,1,4
2manydots.nl,before,28,2,0,1,0,0,1,0,0,0
2manydots.nl,today,52,0,0,0,0,0,0,0,0,0
2mkb.nl,before,1,0,0,0,0,0,0,0,0,0
2ndchapter.nl,after,10,0,0,0,0,0,0,0,0,0
2ndchapter.nl,before,10,0,0,0,0,0,0,0,0,0
2ndchapter.nl,today,18,0,0,0,0,0,0,0,0,0
2youmarketing.nl,after,10,1,0,1,1,0,0,0,0,0
2youmarketing.nl,before,2,1,0,1,1,0,0,0,0,0
2youmarketing.nl,today,6,0,0,0,0,0,0,0,0,0
360-onlinemarketing.com,after,5,0,0,0,0,0,0,0,0,0
360-onlinemarketing.com,before,5,0,0,0,0,0,0,0,0,0
360-onlinemarketing.com,today,5,0,0,0,0,0,0,0,0,0
369production.nl,after,4,0,0,0,0,0,0,0,0,0
369production.nl,before,4,0,0,0,0,0,0,0,0,0
369production.nl,today,4,0,0,0,0,0,0,0,0,0
3wmedia.nl,after,16,2,0,1,1,0,0,0,0,1
3wmedia.nl,before,31,0,0,0,0,0,0,0,0,0
3wmedia.nl,today,18,0,0,0,0,0,0,0,0,0
4foot8.nl,after,47,0,0,0,0,0,0,0,0,0
4foot8.nl,before,47,0,0,0,0,0,0,0,0,0
4foot8.nl,today,10,0,0,0,0,0,0,0,0,0
4ksproductions.com,after,8,0,0,0,0,0,0,0,0,0
4ksproductions.com,today,53,0,0,0,0,0,0,0,0,0
53gradennoord.nl,after,11,0,0,0,0,0,0,0,0,0
53gradennoord.nl,before,29,0,0,0,0,0,0,0,0,0
53gradennoord.nl,today,20,0,0,0,0,0,0,0,0,0
7w-internetmarketing.nl,after,18,0,0,0,0,0,0,0,0,0
7w-internetmarketing.nl,before,18,0,0,0,0,0,0,0,0,0
7w-internetmarketing.nl,today,18,0,0,0,0,0,0,0,0,0
8ontwerp.nl,after,26,0,0,0,0,0,0,0,0,0
8ontwerp.nl,before,23,0,0,0,0,0,0,0,0,0
8ontwerp.nl,today,13,0,0,0,0,0,0,0,0,0
90graden.com,after,26,0,0,0,0,0,0,0,0,0
90graden.com,before,25,0,0,0,0,0,0,0,0,0
90graden.com,today,10,0,0,0,0,0,0,0,0,0
aandagt.nl,today,3,0,0,0,0,0,0,0,0,0
aanjagers.nu,after,18,0,0,0,0,0,0,0,0,0
aanjagers.nu,before,15,0,0,0,0,0,0,0,0,0
acato.nl,before,30,0,0,0,0,0,0,0,0,0
acato.nl,today,41,0,0,0,0,0,0,0,0,0
accentinteractive.nl,after,4,0,0,0,0,0,0,0,0,0
accentinteractive.nl,before,4,0,0,0,0,0,0,0,0,0
accentinteractive.nl,today,29,2,0,0,0,2,0,0,0,0
achieve.nl,after,37,0,0,0,0,0,0,0,0,0
achieve.nl,today,63,0,0,0,0,0,0,0,0,0
act.agency,after,28,5,0,0,1,1,0,0,2,2
act.agency,today,10,0,0,0,0,0,0,0,0,0
addix.nl,before,10,0,0,0,0,0,0,0,0,0
addix.nl,today,91,0,0,0,0,0,0,0,0,0
addvision.nl,after,55,17,1,9,2,0,1,0,1,5
addvision.nl,before,1,0,0,0,0,0,0,0,0,0
addvision.nl,today,20,5,2,2,0,0,0,0,0,1
adfarm.nl,after,14,1,0,0,0,1,0,0,0,0
adfarm.nl,before,1,1,1,0,0,0,0,0,0,0
adfarm.nl,today,34,6,0,4,0,2,0,0,0,0
advertisingheroes.com,after,3,0,0,0,0,0,0,0,0,0
advertisingheroes.com,before,6,0,0,0,0,0,0,0,0,0
advertisingheroes.com,today,3,0,0,0,0,0,0,0,0,0
adwise.nl,today,139,32,11,6,1,3,0,5,3,6
adwolves.nl,today,30,8,2,2,0,0,0,2,0,4
adworth.nl,after,6,0,0,0,0,0,0,0,0,0
adworth.nl,before,6,0,0,0,0,0,0,0,0,0
adworth.nl,today,9,0,0,0,0,0,0,0,0,0
afdelingonline.nl,after,84,17,2,0,7,2,1,1,3,3
afdelingonline.nl,before,67,17,1,1,5,2,2,0,7,4
afdelingonline.nl,today,67,0,0,0,0,0,0,0,0,0
afontwerp.nl,today,11,0,0,0,0,0,0,0,0,0
afslagzuid.nl,after,26,0,0,0,0,0,0,0,0,0
afslagzuid.nl,before,25,0,0,0,0,0,0,0,0,0
afslagzuid.nl,today,9,0,0,0,0,0,0,0,0,0
aim.nu,after,110,0,0,0,0,0,0,0,0,0
aim.nu,before,125,0,0,0,0,0,0,0,0,0
aim.nu,today,66,0,0,0,0,0,0,0,0,0
akqa.com,after,19,8,0,1,1,0,0,0,4,4
akqa.com,before,22,11,0,1,1,0,0,0,4,6
akqa.com,today,41,0,0,0,0,0,0,0,0,0
alexander-van-der-kooij,today,34,25,12,0,7,8,1,8,1,0
alexxdesign.nl,after,24,0,0,0,0,0,0,0,0,0
alexxdesign.nl,before,7,0,0,0,0,0,0,0,0,0
alexxdesign.nl,today,5,0,0,0,0,0,0,0,0,0
alfred.nl,before,3,0,0,0,0,0,0,0,0,0
aliciadupre,today,12,3,3,0,0,0,0,0,0,0
aliens.nl,after,11,0,0,0,0,0,0,0,0,0
aliens.nl,before,13,0,0,0,0,0,0,0,0,0
aliens.nl,today,11,0,0,0,0,0,0,0,0,0
alientrick.com,after,48,0,0,0,0,0,0,0,0,0
alientrick.com,before,10,0,0,0,0,0,0,0,0,0
alientrick.com,today,90,0,0,0,0,0,0,0,0,0
alion.nl,after,31,1,0,0,0,0,0,1,0,0
alion.nl,before,32,0,0,0,0,0,0,0,0,0
alion.nl,today,12,0,0,0,0,0,0,0,0,0
aliveandkicking.nl,after,12,1,1,0,0,0,0,0,0,0
aliveandkicking.nl,today,17,0,0,0,0,0,0,0,0,0
all-it.nl,after,21,0,0,0,0,0,0,0,0,0
all-it.nl,before,21,0,0,0,0,0,0,0,0,0
all-it.nl,today,21,0,0,0,0,0,0,0,0,0
alldots.nl,after,13,0,0,0,0,0,0,0,0,0
alldots.nl,before,12,0,0,0,0,0,0,0,0,0
alldots.nl,today,1,0,0,0,0,0,0,0,0,0
allison.nl,after,19,0,0,0,0,0,0,0,0,0
allison.nl,before,19,0,0,0,0,0,0,0,0,0
allison.nl,today,19,0,0,0,0,0,0,0,0,0
allyourmedia.nl,after,8,1,0,0,1,0,0,0,0,0
allyourmedia.nl,before,87,1,0,0,1,0,0,0,0,0
allyourmedia.nl,today,78,0,0,0,0,0,0,0,0,0
alonamarketing.nl,after,59,30,12,4,0,4,1,3,0,13
alonamarketing.nl,before,37,19,7,3,0,3,1,0,0,8
alonamarketing.nl,today,28,9,5,0,0,3,0,0,0,4
amandapolling,today,9,0,0,0,0,0,0,0,0,0
amazing.nl,after,3,2,0,0,0,0,0,0,0,2
amazing.nl,today,29,1,0,1,0,0,0,0,0,0
amcreative.io,today,8,0,0,0,0,0,0,0,0,0
amigosagency.nl,after,38,1,0,0,0,0,0,0,1,0
amigosagency.nl,before,12,0,0,0,0,0,0,0,0,0
amigosagency.nl,today,16,2,0,0,0,0,0,0,2,0
ancovangeffen,today,14,2,1,2,0,0,0,0,0,0
annabel.nl,after,42,0,0,0,0,0,0,0,0,0
annabel.nl,before,42,0,0,0,0,0,0,0,0,0
annabel.nl,today,13,0,0,0,0,0,0,0,0,0
annikarettig,today,16,4,3,0,0,0,0,0,0,1
anoir-bensalah-5a4a9477,today,28,0,0,0,0,0,0,0,0,0
anothersite.nl,after,93,0,0,0,0,0,0,0,0,0
anothersite.nl,before,100,0,0,0,0,0,0,0,0,0
anthonyprokos,today,42,0,0,0,0,0,0,0,0,0
antonkuijntjes,today,38,0,0,0,0,0,0,0,0,0
anyscreensize.com,after,4,0,0,0,0,0,0,0,0,0
anyscreensize.com,before,4,0,0,0,0,0,0,0,0,0
anyscreensize.com,today,6,0,0,0,0,0,0,0,0,0
anytime.nl,after,35,0,0,0,0,0,0,0,0,0
anytime.nl,before,31,0,0,0,0,0,0,0,0,0
ara.nl_390,today,20,0,0,0,0,0,0,0,0,0
archanahaarnack,today,3,0,0,0,0,0,0,0,0,0
artdcom.com_432,today,1,0,0,0,0,0,0,0,0,0
artdustries.com,after,2,0,0,0,0,0,0,0,0,0
artdustries.com,before,2,0,0,0,0,0,0,0,0,0
artdustries.com,today,7,0,0,0,0,0,0,0,0,0
artitex.nl,after,4,0,0,0,0,0,0,0,0,0
artitex.nl,before,4,0,0,0,0,0,0,0,0,0
artitex.nl,today,7,0,0,0,0,0,0,0,0,0
artnic.nl,after,1,0,0,0,0,0,0,0,0,0
artnic.nl,before,1,0,0,0,0,0,0,0,0,0
artnic.nl,today,1,0,0,0,0,0,0,0,0,0
artofadvertising.nl,after,15,5,0,4,0,0,0,0,0,1
artofadvertising.nl,before,4,0,0,0,0,0,0,0,0,0
artofadvertising.nl,today,15,5,0,2,0,0,0,0,0,3
arwen-witkamp,today,3,0,0,0,0,0,0,0,0,0
ascend-online.nl,after,2,0,0,0,0,0,0,0,0,0
ascend-online.nl,before,2,0,0,0,0,0,0,0,0,0
ascend-online.nl,today,10,6,2,0,0,2,0,2,0,0
asociaalmarketing.nl,after,3,0,0,0,0,0,0,0,0,0
asociaalmarketing.nl,before,4,0,0,0,0,0,0,0,0,0
asociaalmarketing.nl,today,28,10,3,4,1,2,2,4,0,0
astrolads.com,after,4,0,0,0,0,0,0,0,0,0
astrolads.com,today,24,0,0,0,0,0,0,0,0,0
atlantiscreative.nl,after,27,0,0,0,0,0,0,0,0,0
atlantiscreative.nl,before,32,2,1,0,0,0,0,0,0,1
atlantiscreative.nl,today,26,0,0,0,0,0,0,0,0,0
atypisch.nl,after,9,0,0,0,0,0,0,0,0,0
atypisch.nl,before,10,0,0,0,0,0,0,0,0,0
atypisch.nl,today,92,0,0,0,0,0,0,0,0,0
avancecommunicatie.nl,after,36,1,1,0,0,0,0,0,0,0
avancecommunicatie.nl,before,14,1,1,0,0,0,0,0,1,0
avancecommunicatie.nl,today,57,0,0,0,0,0,0,0,0,0
avantlalettre.nl,after,104,0,0,0,0,0,0,0,0,0
avantlalettre.nl,before,105,0,0,0,0,0,0,0,0,0
avantlalettre.nl,today,107,0,0,0,0,0,0,0,0,0
axioma.nl,today,19,0,0,0,0,0,0,0,0,0
baakbeeld.nl,after,5,0,0,0,0,0,0,0,0,0
baakbeeld.nl,before,13,0,0,0,0,0,0,0,0,0
baakbeeld.nl,today,5,0,0,0,0,0,0,0,0,0
baasenbaas.nl,after,341,113,0,21,21,10,0,32,39,15
baasenbaas.nl,before,60,19,0,3,4,1,0,9,3,1
baasenbaas.nl,today,136,24,0,4,6,1,0,11,8,1
baazenco.nl,after,40,2,0,0,0,0,0,0,1,1
baazenco.nl,before,19,1,0,0,0,0,0,0,0,1
baazenco.nl,today,23,0,0,0,0,0,0,0,0,0
bandwerk.nl,after,58,6,0,3,0,0,0,0,0,3
bandwerk.nl,before,58,8,0,5,0,0,0,0,0,3
bandwerk.nl,today,6,0,0,0,0,0,0,0,0,0
barneymedia.nl,after,14,0,0,0,0,0,0,0,0,0
barneymedia.nl,today,11,0,0,0,0,0,0,0,0,0
bart-groot-wassink,today,1,0,0,0,0,0,0,0,0,0
bart-leegwater-71208991,today,59,0,0,0,0,0,0,0,0,0
bart-tullemans,today,24,4,3,0,0,0,0,1,0,1
bas-brummelhaus-781656201,today,37,1,1,0,0,0,0,0,0,0
basmarijnissen,today,50,0,0,0,0,0,0,0,0,0
basscholteinthoff,today,4,0,0,0,0,0,0,0,0,0
bbld.nl,after,1,0,0,0,0,0,0,0,0,0
bbld.nl,before,1,0,0,0,0,0,0,0,0,0
bbld.nl,today,6,0,0,0,0,0,0,0,0,0
be-interactive.nl,after,18,0,0,0,0,0,0,0,0,0
be-interactive.nl,before,13,0,0,0,0,0,0,0,0,0
be-interactive.nl,today,18,0,0,0,0,0,0,0,0,0
be-remarkable.nl,after,5,0,0,0,0,0,0,0,0,0
be-remarkable.nl,today,18,0,0,0,0,0,0,0,0,0
bearsfactory.nl,after,3,0,0,0,0,0,0,0,0,0
bearsfactory.nl,before,3,0,0,0,0,0,0,0,0,0
bearsfactory.nl,today,3,0,0,0,0,0,0,0,0,0
beeinteractive.nl,after,7,0,0,0,0,0,0,0,0,0
beeinteractive.nl,today,3,0,0,0,0,0,0,0,0,0
begradient.com,after,16,2,0,0,0,0,0,0,0,2
begradient.com,before,13,0,0,0,0,0,0,0,0,0
begradient.com,today,16,12,1,0,2,0,0,0,0,9
behaviourclub.nl,today,3,0,0,0,0,0,0,0,0,0
bendeboer,today,2,0,0,0,0,0,0,0,0,0
bengelmedia.nl,after,62,4,0,0,1,0,0,0,2,2
bengelmedia.nl,before,31,4,0,0,1,0,0,0,2,2
bengelmedia.nl,today,22,0,0,0,0,0,0,0,0,0
benniebus,today,21,0,0,0,0,0,0,0,0,0
bente-van-de-plassche,today,3,0,0,0,0,0,0,0,0,0
benvanluttikhuizen,today,3,2,0,0,0,0,0,0,0,2
bertjanvanrein,today,2,0,0,0,0,0,0,0,0,0
bertwisniewski,today,12,0,0,0,0,0,0,0,0,0
betawerk.nl,after,24,1,0,0,0,0,0,0,0,1
betawerk.nl,before,19,0,0,0,0,0,0,0,0,0
betawerk.nl,today,33,0,0,0,0,0,0,0,0,0
biancaroelandschap,today,1,0,0,0,0,0,0,0,0,0
bigbirdmedia.nl,after,56,0,0,0,0,0,0,0,0,0
bigbirdmedia.nl,before,34,0,0,0,0,0,0,0,0,0
bigbirdmedia.nl,today,18,0,0,0,0,0,0,0,0,0
bigfat.nl,after,25,1,0,1,0,0,0,0,0,0
bigfat.nl,today,6,0,0,0,0,0,0,0,0,0
bigfish.nl,after,11,0,0,0,0,0,0,0,0,0
bigfish.nl,today,25,0,0,0,0,0,0,0,0,0
bijlpr.nl,after,9,0,0,0,0,0,0,0,0,0
bijlpr.nl,before,28,15,0,0,1,0,1,0,9,6
bijlpr.nl,today,8,1,0,0,0,0,0,0,1,0
billysantegoets,today,20,0,0,0,0,0,0,0,0,0
bishop.nl,after,4,1,0,0,0,0,0,0,1,0
bishop.nl,before,4,1,0,0,0,0,0,0,1,0
bishop.nl,today,8,2,0,0,0,0,0,0,2,0
bitfactory.nl,after,3,0,0,0,0,0,0,0,0,0
bitfactory.nl,before,1,0,0,0,0,0,0,0,0,0
bitfactory.nl,today,36,0,0,0,0,0,0,0,0,0
blinktuit.nl,after,3,2,0,1,0,0,0,0,0,1
blinktuit.nl,before,3,2,0,1,0,0,0,0,0,1
blinktuit.nl,today,7,4,0,3,0,0,0,0,0,1
bliqvangers.nl,after,32,2,1,0,0,0,0,0,0,1
bliqvangers.nl,before,13,0,0,0,0,0,0,0,0,0
bliqvangers.nl,today,24,0,0,0,0,0,0,0,0,0
bloeimedia.nl,before,20,0,0,0,0,0,0,0,0,0
bloeimedia.nl,today,22,1,0,0,0,0,0,0,0,1
blok56.nl,after,28,0,0,0,0,0,0,0,0,0
blok56.nl,before,20,0,0,0,0,0,0,0,0,0
blok56.nl,today,87,0,0,0,0,0,0,0,0,0
blomwouter,today,5,0,0,0,0,0,0,0,0,0
bobby-van-der-wijst-902717403,today,39,0,0,0,0,0,0,0,0,0
bobsimonsnl,today,21,0,0,0,0,0,0,0,0,0
bolden.nl,after,26,0,0,0,0,0,0,0,0,0
bolden.nl,before,26,1,1,0,0,0,0,0,0,0
bolden.nl,today,33,0,0,0,0,0,0,0,0,0
bona-agency.com,after,27,6,0,0,2,0,0,0,0,4
bona-agency.com,before,3,0,0,0,0,0,0,0,0,0
bona-agency.com,today,13,1,0,0,0,0,0,0,0,1
boodschapenbeeld.nl,after,49,2,0,0,0,0,0,0,1,1
boodschapenbeeld.nl,before,46,3,0,0,0,0,0,0,1,2
boodschapenbeeld.nl,today,8,1,0,0,0,0,0,0,1,0
boomerangagency.com,after,46,3,0,0,0,0,0,0,2,1
boomerangagency.com,before,51,3,0,0,0,0,0,0,2,1
boomerangagency.com,today,17,0,0,0,0,0,0,0,0,0
booomdigital.nl,after,4,0,0,0,0,0,0,0,0,0
booomdigital.nl,before,17,0,0,0,0,0,0,0,0,0
booomdigital.nl,today,54,0,0,0,0,0,0,0,0,0
boostyour.marketing,after,21,2,0,0,0,0,0,0,2,0
boostyour.marketing,before,16,2,0,0,0,0,0,0,2,0
boostyour.marketing,today,9,0,0,0,0,0,0,0,0,0
bootspat.nl,today,4,0,0,0,0,0,0,0,0,0
born05.com,after,6,0,0,0,0,0,0,0,0,0
born05.com,before,7,0,0,0,0,0,0,0,0,0
born05.com,today,43,0,0,0,0,0,0,0,0,0
brainstormenconcept.nl,after,1,0,0,0,0,0,0,0,0,0
brainstormenconcept.nl,before,3,0,0,0,0,0,0,0,0,0
brainstormenconcept.nl,today,54,0,0,0,0,0,0,0,0,0
bram-vermolen-05669825,today,10,10,3,0,5,0,0,0,0,2
brancom.nl,after,10,1,0,0,1,0,0,0,0,0
brancom.nl,before,2,0,0,0,0,0,0,0,0,0
brancom.nl,today,8,1,0,0,1,0,0,0,0,0
brandbits.nl,after,5,0,0,0,0,0,0,0,0,0
brandbits.nl,before,10,0,0,0,0,0,0,0,0,0
brandbits.nl,today,37,0,0,0,0,0,0,0,0,0
brandcode.nl,after,85,8,0,0,1,0,0,0,0,7
brandcode.nl,before,87,4,0,1,1,0,0,0,0,3
brandcode.nl,today,30,1,0,0,0,0,0,0,0,1
brandfirm.nl,before,10,1,1,0,0,0,0,0,0,0
brandfirm.nl,today,15,10,1,7,0,0,0,1,1,0
brandforlife.nl,after,22,0,0,0,0,0,0,0,0,0
brandforlife.nl,before,14,0,0,0,0,0,0,0,0,0
brandforlife.nl,today,25,0,0,0,0,0,0,0,0,0
brandinwebdesign.nl,before,3,0,0,0,0,0,0,0,0,0
brandleemedia.nl,before,9,0,0,0,0,0,0,0,0,0
brandleemedia.nl,today,9,1,1,0,0,0,0,0,0,0
brandpotential.com_391,today,33,0,0,0,0,0,0,0,0,0
brend-schuil,today,19,0,0,0,0,0,0,0,0,0
brendly.nl,after,33,4,0,1,0,0,0,0,2,2
brendly.nl,before,17,0,0,0,0,0,0,0,0,0
brendly.nl,today,9,1,0,0,1,0,0,0,1,0
bsetmedia.nl,after,19,0,0,0,0,0,0,0,0,0
bsetmedia.nl,before,26,0,0,0,0,0,0,0,0,0
bsetmedia.nl,today,17,0,0,0,0,0,0,0,0,0
bu3.nl,after,3,1,0,0,1,0,0,0,0,0
bu3.nl,today,3,1,0,0,1,0,0,0,0,0
buenaparte.nl,after,18,0,0,0,0,0,0,0,0,0
buenaparte.nl,before,20,0,0,0,0,0,0,0,0,0
buenaparte.nl,today,47,0,0,0,0,0,0,0,0,0
bullin.nl,before,33,0,0,0,0,0,0,0,0,0
bullin.nl,today,7,0,0,0,0,0,0,0,0,0
bureaubijma.nl,after,9,1,0,0,1,0,0,0,0,0
bureaubijma.nl,before,4,0,0,0,0,0,0,0,0,0
bureaubijma.nl,today,9,1,0,0,1,0,0,0,0,0
bureaudrp.nl,after,11,0,0,0,0,0,0,0,0,0
bureaudrp.nl,before,8,0,0,0,0,0,0,0,0,0
bureaudrp.nl,today,13,0,0,0,0,0,0,0,0,0
bureaugigengack.nl,after,1,0,0,0,0,0,0,0,0,0
bureaugigengack.nl,today,1,0,0,0,0,0,0,0,0,0
bureauimago.nl,after,9,0,0,0,0,0,0,0,0,0
bureauimago.nl,before,8,0,0,0,0,0,0,0,0,0
bureauimago.nl,today,10,2,0,0,0,0,1,0,0,1
bureauvisueel.com,before,12,0,0,0,0,0,0,0,0,0
buro19.nl,after,31,0,0,0,0,0,0,0,0,0
buro19.nl,before,35,0,0,0,0,0,0,0,0,0
buro19.nl,today,10,0,0,0,0,0,0,0,0,0
buro28.nl,after,109,0,0,0,0,0,0,0,0,0
buro28.nl,before,73,0,0,0,0,0,0,0,0,0
buro28.nl,today,47,0,0,0,0,0,0,0,0,0
buroboud.nl,after,10,0,0,0,0,0,0,0,0,0
buroboud.nl,before,65,0,0,0,0,0,0,0,0,0
buroboud.nl,today,29,0,0,0,0,0,0,0,0,0
burobruut.nl_392,today,9,0,0,0,0,0,0,0,0,0
byron.nl,after,17,0,0,0,0,0,0,0,0,0
byron.nl,before,11,0,0,0,0,0,0,0,0,0
byron.nl,today,9,0,0,0,0,0,0,0,0,0
bytomorrow.nl,after,3,0,0,0,0,0,0,0,0,0
bytomorrow.nl,before,4,0,0,0,0,0,0,0,0,0
bytomorrow.nl,today,3,0,0,0,0,0,0,0,0,0
campagne.nl_394,today,20,5,0,0,2,0,0,0,0,3
cas-van-stratum-1015969,today,19,1,0,0,0,0,0,0,0,1
casparnorg,today,28,0,0,0,0,0,0,0,0,0
ccderooy,today,35,0,0,0,0,0,0,0,0,0
chasemarketing.nl,after,131,63,22,9,10,13,5,7,0,6
chasemarketing.nl,before,8,6,5,1,0,0,0,0,0,0
chasemarketing.nl,today,32,19,10,3,5,2,3,2,0,0
chrislaarman,today,5,2,1,1,0,0,0,0,0,0
chrissiecremers,today,8,0,0,0,0,0,0,0,0,0
christyvandersman,today,50,0,0,0,0,0,0,0,0,0
chunkagency.com,after,37,0,0,0,0,0,0,0,0,0
chunkagency.com,before,30,0,0,0,0,0,0,0,0,0
chunkagency.com,today,7,0,0,0,0,0,0,0,0,0
cieremansvanreijn.nl,after,38,1,0,0,0,0,0,0,0,1
cieremansvanreijn.nl,before,141,0,0,0,0,0,0,0,0,0
cieremansvanreijn.nl,today,6,0,0,0,0,0,0,0,0,0
claimyouraim.nl,after,29,2,1,0,1,0,0,0,0,0
claimyouraim.nl,before,22,2,1,0,1,0,0,0,0,0
claimyouraim.nl,today,39,0,0,0,0,0,0,0,0,0
cloudfactory.nl,after,34,0,0,0,0,0,0,0,0,0
cloudfactory.nl,before,19,0,0,0,0,0,0,0,0,0
cloudfactory.nl,today,22,0,0,0,0,0,0,0,0,0
clubgeist.nl_395,today,58,0,0,0,0,0,0,0,0,0
coco-dotgo,today,9,0,0,0,0,0,0,0,0,0
codebreakers.nl,after,11,0,0,0,0,0,0,0,0,0
codebreakers.nl,before,10,0,0,0,0,0,0,0,0,0
codebreakers.nl,today,12,0,0,0,0,0,0,0,0,0
colin-faas-205757232,today,1,0,0,0,0,0,0,0,0,0
colourcake.com,after,6,0,0,0,0,0,0,0,0,0
colourcake.com,before,4,0,0,0,0,0,0,0,0,0
colourcake.com,today,27,0,0,0,0,0,0,0,0,0
comm-on.nu,after,75,4,0,1,3,0,0,1,0,0
comm-on.nu,before,28,0,0,0,0,0,0,0,0,0
comm-on.nu,today,14,0,0,0,0,0,0,0,0,0
commar.nl,after,6,0,0,0,0,0,0,0,0,0
commar.nl,before,4,0,0,0,0,0,0,0,0,0
commar.nl,today,16,0,0,0,0,0,0,0,0,0
communicatiekrachten.nl,before,8,0,0,0,0,0,0,0,0,0
communicatiekrachten.nl,today,3,0,0,0,0,0,0,0,0,0
communicatieteam.nl,after,87,6,2,2,1,0,0,0,3,0
communicatieteam.nl,before,57,5,2,2,1,0,0,0,2,0
communicatieteam.nl,today,3,0,0,0,0,0,0,0,0,0
contentcoalitie.nl,after,45,0,0,0,0,0,0,0,0,0
contentcoalitie.nl,before,44,0,0,0,0,0,0,0,0,0
contentcoalitie.nl,today,24,0,0,0,0,0,0,0,0,0
contentkunstenaar.nl,after,28,0,0,0,0,0,0,0,0,0
contentkunstenaar.nl,before,49,6,0,1,4,0,3,0,4,1
contentkunstenaar.nl,today,34,0,0,0,0,0,0,0,0,0
contentvorm.nl,after,11,0,0,0,0,0,0,0,0,0
contentvorm.nl,before,3,0,0,0,0,0,0,0,0,0
contentvorm.nl,today,42,0,0,0,0,0,0,0,0,0
contentxperience.nl,after,4,0,0,0,0,0,0,0,0,0
contentxperience.nl,before,4,0,0,0,0,0,0,0,0,0
contentxperience.nl,today,32,0,0,0,0,0,0,0,0,0
conversiepartners.nl,after,16,14,2,7,3,3,0,3,2,2
conversiepartners.nl,before,4,3,0,0,1,0,0,0,1,1
conversiepartners.nl,today,26,7,0,5,0,0,0,0,0,2
converzo.nl,after,112,0,0,0,0,0,0,0,0,0
converzo.nl,before,85,0,0,0,0,0,0,0,0,0
converzo.nl,today,58,0,0,0,0,0,0,0,0,0
convident.nl,after,10,0,0,0,0,0,0,0,0,0
convident.nl,before,10,0,0,0,0,0,0,0,0,0
convident.nl,today,16,1,0,0,1,0,0,0,0,0
cookscrossover.com,after,6,0,0,0,0,0,0,0,0,0
cookscrossover.com,before,2,0,0,0,0,0,0,0,0,0
cookscrossover.com,today,6,0,0,0,0,0,0,0,0,0
cop-y.nl,after,14,0,0,0,0,0,0,0,0,0
cop-y.nl,before,13,0,0,0,0,0,0,0,0,0
cop-y.nl,today,6,0,0,0,0,0,0,0,0,0
cornerstones.nl,after,42,1,1,0,0,0,0,0,0,0
cornerstones.nl,before,27,1,1,0,0,0,0,0,0,0
cornerstones.nl,today,20,0,0,0,0,0,0,0,0,0
cotd.nl,after,42,28,2,6,0,0,0,0,0,20
cotd.nl,before,37,14,0,2,0,0,0,0,0,12
cotd.nl,today,8,5,0,1,0,0,0,0,0,4
crcl.nl,after,14,0,0,0,0,0,0,0,0,0
crcl.nl,today,30,0,0,0,0,0,0,0,0,0
cre8agency.nl,after,13,7,4,3,0,0,0,4,0,0
cre8agency.nl,today,39,7,4,2,0,0,0,1,0,2
creanza.nl,after,6,0,0,0,0,0,0,0,0,0
creanza.nl,before,6,0,0,0,0,0,0,0,0,0
creanza.nl,today,4,0,0,0,0,0,0,0,0,0
create-convert.nl,after,44,38,5,4,19,0,5,0,6,0
create-convert.nl,before,13,5,0,2,3,0,1,0,0,0
create-convert.nl,today,13,13,2,1,6,0,2,0,2,0
createthebrand.nl,after,34,0,0,0,0,0,0,0,0,0
createthebrand.nl,before,33,0,0,0,0,0,0,0,0,0
createthebrand.nl,today,17,0,0,0,0,0,0,0,0,0
creatievecampagnes.nl,after,3,0,0,0,0,0,0,0,0,0
creatievecampagnes.nl,before,3,0,0,0,0,0,0,0,0,0
creatievecampagnes.nl,today,3,0,0,0,0,0,0,0,0,0
creation.nl,after,9,0,0,0,0,0,0,0,0,0
creation.nl,before,9,0,0,0,0,0,0,0,0,0
creation.nl,today,27,0,0,0,0,0,0,0,0,0
creational.nl,before,9,0,0,0,0,0,0,0,0,0
creational.nl,today,9,0,0,0,0,0,0,0,0,0
creativeflavours.nl,after,23,0,0,0,0,0,0,0,0,0
creativeflavours.nl,before,13,0,0,0,0,0,0,0,0,0
creativeflavours.nl,today,9,0,0,0,0,0,0,0,0,0
creativemules.com,after,8,0,0,0,0,0,0,0,0,0
creativemules.com,today,39,0,0,0,0,0,0,0,0,0
creativeskills.nl,after,4,0,0,0,0,0,0,0,0,0
creativeskills.nl,before,4,0,0,0,0,0,0,0,0,0
creativeskills.nl,today,27,0,0,0,0,0,0,0,0,0
creja.nl,after,24,0,0,0,0,0,0,0,0,0
creja.nl,before,24,0,0,0,0,0,0,0,0,0
creja.nl,today,11,0,0,0,0,0,0,0,0,0
crossmediahouse.nl,after,61,14,6,2,7,0,0,0,0,0
crossmediahouse.nl,before,29,5,1,1,1,1,0,0,0,1
crossmediahouse.nl,today,23,1,1,0,0,0,0,0,0,0
ctwee.nl,after,9,0,0,0,0,0,0,0,0,0
ctwee.nl,before,9,0,0,0,0,0,0,0,0,0
ctwee.nl,today,9,0,0,0,0,0,0,0,0,0
cubicmill.com,after,8,0,0,0,0,0,0,0,0,0
cubicmill.com,before,11,0,0,0,0,0,0,0,0,0
cubicmill.com,today,9,0,0,0,0,0,0,0,0,0
customwebsite.nl,after,18,0,0,0,0,0,0,0,0,0
customwebsite.nl,before,11,0,0,0,0,0,0,0,0,0
customwebsite.nl,today,20,0,0,0,0,0,0,0,0,0
cuttheweb.nl,after,12,0,0,0,0,0,0,0,0,0
cuttheweb.nl,before,16,0,0,0,0,0,0,0,0,0
cuttheweb.nl,today,12,0,0,0,0,0,0,0,0,0
daan-vischschraper,today,12,8,2,2,0,0,2,2,0,2
daanmerkenhof,today,8,1,0,0,0,0,0,0,1,0
daanvandevelde,today,18,0,0,0,0,0,0,0,0,0
daanvanwoezik,today,33,0,0,0,0,0,0,0,0,0
daanveldmaat,today,9,0,0,0,0,0,0,0,0,0
daburo.nl,after,7,0,0,0,0,0,0,0,0,0
daburo.nl,before,7,0,0,0,0,0,0,0,0,0
daburo.nl,today,17,0,0,0,0,0,0,0,0,0
daimy-van-beeumen,today,12,0,0,0,0,0,0,0,0,0
dani-rijff,today,5,0,0,0,0,0,0,0,0,0
danki.com,after,13,0,0,0,0,0,0,0,0,0
danki.com,before,7,0,0,0,0,0,0,0,0,0
danki.com,today,17,0,0,0,0,0,0,0,0,0
dapper.agency_396,today,8,2,1,2,0,0,0,0,0,0
dasburo.nl_397,today,8,0,0,0,0,0,0,0,0,0
davidvanbrakel,today,17,11,2,1,9,0,1,0,1,1
daylinq.nl,after,17,0,0,0,0,0,0,0,0,0
daylinq.nl,today,6,0,0,0,0,0,0,0,0,0
dbk.nl,after,47,3,0,0,0,3,0,1,0,0
dbk.nl,before,26,4,1,1,0,1,0,0,0,1
dbk.nl,today,31,1,0,0,0,1,0,0,0,0
dd-h.com,after,34,1,1,0,0,0,0,0,0,0
dd-h.com,before,12,0,0,0,0,0,0,0,0,0
dd-h.com,today,73,0,0,0,0,0,0,0,0,0
dd.agency,after,6,0,0,0,0,0,0,0,0,0
dd.agency,before,7,0,0,0,0,0,0,0,0,0
dd.agency,today,21,0,0,0,0,0,0,0,0,0
de-reclamefabriek.nl,after,14,1,0,0,0,0,0,0,0,1
de-reclamefabriek.nl,before,10,0,0,0,0,0,0,0,0,0
de-reclamefabriek.nl,today,20,1,0,0,0,0,0,0,0,1
dearivy.nl,today,4,0,0,0,0,0,0,0,0,0
declubb.com,after,3,0,0,0,0,0,0,0,0,0
declubb.com,today,3,0,0,0,0,0,0,0,0,0
degelijkdesign.nl,after,29,2,0,1,1,0,0,0,0,1
degelijkdesign.nl,before,8,0,0,0,0,0,0,0,0,0
degelijkdesign.nl,today,25,0,0,0,0,0,0,0,0,0
deindruk.nl,after,68,33,0,4,5,0,4,0,2,18
deindruk.nl,before,40,11,0,1,0,0,0,0,5,5
deindruk.nl,today,7,0,0,0,0,0,0,0,0,0
delucro.nl,after,19,0,0,0,0,0,0,0,0,0
delucro.nl,before,20,0,0,0,0,0,0,0,0,0
delucro.nl,today,13,0,0,0,0,0,0,0,0,0
demakersvanmooi.nl,after,50,0,0,0,0,0,0,0,0,0
demakersvanmooi.nl,before,8,0,0,0,0,0,0,0,0,0
demakersvanmooi.nl,today,26,0,0,0,0,0,0,0,0,0
demarrage.nl,today,18,0,0,0,0,0,0,0,0,0
demi-koot-b0800292,today,39,9,0,3,3,0,0,0,3,0
dennis-gillissen,today,8,0,0,0,0,0,0,0,0,0
dentsu.com,after,26,10,3,0,1,0,0,0,5,2
dentsu.com,before,121,10,4,0,0,0,0,0,3,3
dentsu.com,today,6,0,0,0,0,0,0,0,0,0
dentsucreative.amsterdam,after,8,0,0,0,0,0,0,0,0,0
dentsucreative.amsterdam,today,18,0,0,0,0,0,0,0,0,0
deptagency.com,after,41,0,0,0,0,0,0,0,0,0
deptagency.com,before,24,0,0,0,0,0,0,0,0,0
deptagency.com,today,6,0,0,0,0,0,0,0,0,0
deregiekamer.nl,after,31,0,0,0,0,0,0,0,0,0
deregiekamer.nl,before,24,0,0,0,0,0,0,0,0,0
deregiekamer.nl,today,18,0,0,0,0,0,0,0,0,0
designchefs.nl,after,4,0,0,0,0,0,0,0,0,0
designchefs.nl,before,31,0,0,0,0,0,0,0,0,0
designchefs.nl,today,12,0,0,0,0,0,0,0,0,0
designpro.nl,after,106,18,0,0,9,6,0,0,0,6
designpro.nl,today,61,0,0,0,0,0,0,0,0,0
devife.com,after,5,0,0,0,0,0,0,0,0,0
devife.com,before,9,0,0,0,0,0,0,0,0,0
dickhoffdesign.com,after,22,0,0,0,0,0,0,0,0,0
dickhoffdesign.com,before,19,0,0,0,0,0,0,0,0,0
dickhoffdesign.com,today,3,0,0,0,0,0,0,0,0,0
diederikgerbranda,today,22,2,0,2,0,0,0,0,0,0
diezign.nl,after,5,0,0,0,0,0,0,0,0,0
diezign.nl,before,4,0,0,0,0,0,0,0,0,0
diezign.nl,today,5,0,0,0,0,0,0,0,0,0
digibit.nl,after,34,0,0,0,0,0,0,0,0,0
digibit.nl,before,34,0,0,0,0,0,0,0,0,0
digibit.nl,today,17,0,0,0,0,0,0,0,0,0
digidee.nl,before,7,0,0,0,0,0,0,0,0,0
digidee.nl,today,8,0,0,0,0,0,0,0,0,0
digimedion.nl,after,16,0,0,0,0,0,0,0,0,0
digimedion.nl,before,28,0,0,0,0,0,0,0,0,0
digimedion.nl,today,28,0,0,0,0,0,0,0,0,0
diginauts.co,after,9,2,0,1,0,0,0,2,0,0
diginauts.co,before,9,2,0,1,0,0,0,2,0,0
digishock.com,today,12,0,0,0,0,0,0,0,0,0
digitaaldoen.nl,after,16,11,3,7,0,4,0,3,0,0
digitaaldoen.nl,before,10,1,0,0,0,0,0,0,0,1
digitaaldoen.nl,today,18,12,4,7,0,4,0,4,0,0
digitalgrowthagency.nl_398,today,19,6,0,0,0,3,0,0,0,3
digitalguys.nl,after,8,1,0,1,0,0,0,0,0,0
digitalguys.nl,before,4,0,0,0,0,0,0,0,0,0
digitalguys.nl,today,27,2,0,1,1,0,1,0,0,0
digitalimpact.nl_399,today,13,2,0,0,0,0,0,0,0,2
digitalinside.nl,after,3,0,0,0,0,0,0,0,0,0
digitalinside.nl,today,28,24,0,8,2,5,0,0,2,7
digitalnatives.nl,after,3,0,0,0,0,0,0,0,0,0
digitalnatives.nl,before,14,0,0,0,0,0,0,0,0,0
digitalnatives.nl,today,22,6,2,0,0,0,0,0,0,4
digitalness.nl,today,8,0,0,0,0,0,0,0,0,0
dijkman-erik,today,12,1,0,0,0,0,0,0,0,1
dikgussekloo,today,18,0,0,0,0,0,0,0,0,0
djkranendonk,today,2,2,0,0,2,0,0,0,0,0
dmarc.nl,today,19,0,0,0,0,0,0,0,0,0
doelgroepbereikt.nl,after,9,0,0,0,0,0,0,0,0,0
doelgroepbereikt.nl,before,3,0,0,0,0,0,0,0,0,0
doelgroepbereikt.nl,today,7,0,0,0,0,0,0,0,0,0
dominomedia.nl,after,6,0,0,0,0,0,0,0,0,0
dominomedia.nl,today,6,0,0,0,0,0,0,0,0,0
dotverbindt.nl,after,14,0,0,0,0,0,0,0,0,0
dotverbindt.nl,before,14,0,0,0,0,0,0,0,0,0
dotverbindt.nl,today,4,0,0,0,0,0,0,0,0,0
dpdk.com_400,today,20,1,0,0,0,0,0,0,0,1
driebit.nl,before,5,3,0,0,0,0,0,0,0,3
driebit.nl,today,12,0,0,0,0,0,0,0,0,0
dunepebbler.nl,after,33,2,2,0,0,0,0,0,0,0
dunepebbler.nl,before,23,2,2,0,0,0,0,0,0,0
dunepebbler.nl,today,15,0,0,0,0,0,0,0,0,0
dutchblue.nl,after,34,6,0,0,1,4,0,1,0,1
dutchblue.nl,before,35,7,0,0,2,5,0,1,0,1
dutchblue.nl,today,17,0,0,0,0,0,0,0,0,0
dutchwebdesign.nl,after,73,1,0,0,0,0,1,0,1,0
dutchwebdesign.nl,before,30,1,0,0,0,0,0,0,0,1
dutchwebdesign.nl,today,31,0,0,0,0,0,0,0,0,0
dwaynedjontono,today,50,0,0,0,0,0,0,0,0,0
dwzo.nl,after,92,0,0,0,0,0,0,0,0,0
dwzo.nl,before,56,0,0,0,0,0,0,0,0,0
dwzo.nl,today,45,0,0,0,0,0,0,0,0,0
dylan-de-haas,today,9,0,0,0,0,0,0,0,0,0
dylan-swinkels,today,11,3,0,2,1,0,2,0,0,0
e-heroes.com_401,today,3,1,0,0,0,0,0,0,0,1
ebroeder,today,9,1,0,1,0,0,0,0,0,0
echeloncreations.nl,after,2,0,0,0,0,0,0,0,0,0
echeloncreations.nl,before,2,0,0,0,0,0,0,0,0,0
edenfrost.com,after,24,3,0,0,0,0,0,0,2,1
edenfrost.com,before,25,4,0,0,0,0,0,0,2,2
edenfrost.com,today,7,0,0,0,0,0,0,0,0,0
eelkovandrongelen,today,18,0,0,0,0,0,0,0,0,0
eenvoud.nl,after,25,1,0,0,0,0,0,0,0,1
eenvoud.nl,before,14,1,0,0,0,0,0,0,0,1
eenvoud.nl,today,5,0,0,0,0,0,0,0,0,0
eigenz.nl,after,42,0,0,0,0,0,0,0,0,0
eigenz.nl,before,13,0,0,0,0,0,0,0,0,0
eigenz.nl,today,8,0,0,0,0,0,0,0,0,0
elephantdesign.nl,after,55,0,0,0,0,0,0,0,0,0
elephantdesign.nl,before,32,0,0,0,0,0,0,0,0,0
elephantdesign.nl,today,15,0,0,0,0,0,0,0,0,0
elevendigital.nl,after,52,0,0,0,0,0,0,0,0,0
elevendigital.nl,today,56,0,0,0,0,0,0,0,0,0
elstarcommunicatie.nl,after,21,1,0,0,0,0,0,0,0,1
elstarcommunicatie.nl,today,8,0,0,0,0,0,0,0,0,0
emielzaandam,today,87,6,2,0,1,1,0,1,0,1
epic.nl,after,11,0,0,0,0,0,0,0,0,0
epic.nl,before,21,2,0,0,0,0,0,0,0,2
epic.nl,today,8,0,0,0,0,0,0,0,0,0
erhantoz,today,3,2,0,2,0,0,0,0,0,0
eric-de-jong-zorg-voor-verzuim,today,9,4,0,0,0,0,0,0,0,4
erik-hornung,today,26,1,0,0,0,0,0,0,0,1
erik-kraaijeveld,today,16,8,0,2,0,0,1,0,0,5
erik-van-de-ven-5625678,today,4,0,0,0,0,0,0,0,0,0
erikfieten,today,11,0,0,0,0,0,0,0,0,0
erikjager,today,1,0,0,0,0,0,0,0,0,0
erjen-rijnders,today,46,0,0,0,0,0,0,0,0,0
erwin-dijkman-747433158,today,12,8,8,0,0,0,0,7,0,0
eversendegier.nl_402,today,112,9,0,2,0,0,0,0,2,5
exitable.nl,after,32,5,0,2,1,2,0,0,1,1
exitable.nl,before,19,4,0,1,1,1,0,0,1,1
exitable.nl,today,33,1,0,0,0,0,0,0,0,1
exsitemedia.nl,after,33,0,0,0,0,0,0,0,0,0
exsitemedia.nl,before,22,0,0,0,0,0,0,0,0,0
exsitemedia.nl,today,33,0,0,0,0,0,0,0,0,0
eye-c.nl,after,10,3,0,1,0,0,0,0,0,2
eye-c.nl,before,2,0,0,0,0,0,0,0,0,0
eye-c.nl,today,5,0,0,0,0,0,0,0,0,0
fabian-van-til,today,18,16,4,0,5,0,5,0,2,1
fabrique.nl_403,today,30,0,0,0,0,0,0,0,0,0
faktor22.nl,after,35,6,0,1,2,0,1,0,0,2
faktor22.nl,before,13,10,0,2,3,0,2,0,0,4
faktor22.nl,today,51,13,0,1,1,0,2,0,0,9
fanwork.nl,today,8,1,0,0,0,0,0,0,0,1
ferry-zomerdijk-b507442b,today,35,0,0,0,0,0,0,0,0,0
fffunction.studio,after,23,0,0,0,0,0,0,0,0,0
fffunction.studio,before,8,0,0,0,0,0,0,0,0,0
fffunction.studio,today,27,0,0,0,0,0,0,0,0,0
fideo.nl,after,80,19,0,0,0,0,1,0,6,13
fideo.nl,before,80,17,0,0,0,0,0,0,2,15
fideo.nl,today,44,6,0,0,0,0,0,0,3,3
findfactory.nl,after,30,5,0,0,2,0,0,0,2,1
findfactory.nl,before,32,5,0,0,2,0,0,0,2,1
findfactory.nl,today,10,0,0,0,0,0,0,0,0,0
fitzroy.nl,after,42,1,0,0,0,0,0,0,0,1
fitzroy.nl,before,81,0,0,0,0,0,0,0,0,0
fitzroy.nl,today,52,0,0,0,0,0,0,0,0,0
flatland.nl_404,today,13,0,0,0,0,0,0,0,0,0
flatlineagency.com,after,49,2,0,0,0,1,0,0,0,1
flatlineagency.com,before,19,0,0,0,0,0,0,0,0,0
flatlineagency.com,today,69,3,2,0,1,0,0,0,0,0
flax.marketing,after,21,0,0,0,0,0,0,0,0,0
flax.marketing,before,15,0,0,0,0,0,0,0,0,0
flax.marketing,today,14,0,0,0,0,0,0,0,0,0
flink.nl,after,28,4,0,0,0,0,0,0,0,4
flink.nl,before,16,1,0,0,0,0,0,0,0,1
flink.nl,today,52,0,0,0,0,0,0,0,0,0
flirtcreativity.com,after,3,0,0,0,0,0,0,0,0,0
flirtcreativity.com,before,3,0,0,0,0,0,0,0,0,0
flirtcreativity.com,today,3,0,0,0,0,0,0,0,0,0
floris-modderman-71b5a42a,today,8,0,0,0,0,0,0,0,0,0
florisvenneman,today,17,0,0,0,0,0,0,0,0,0
franciska-salazar-lagos-54144092,today,39,0,0,0,0,0,0,0,0,0
frank-rubingh,today,34,6,0,2,0,0,0,0,0,4
frankdepuijt,today,8,0,0,0,0,0,0,0,0,0
frankputs,today,99,0,0,0,0,0,0,0,0,0
fransswarttouw,today,1,0,0,0,0,0,0,0,0,0
fresher.nl,before,8,0,0,0,0,0,0,0,0,0
fresher.nl,today,7,0,0,0,0,0,0,0,0,0
freshheads.com,after,56,21,1,0,1,0,0,0,0,19
freshheads.com,before,18,1,1,0,0,0,0,0,0,0
freshheads.com,today,23,4,0,1,0,0,0,0,0,3
friendsagency.com_405,today,13,0,0,0,0,0,0,0,0,0
friskagency.com,before,1,1,0,0,0,1,0,0,0,0
friskagency.com,today,4,0,0,0,0,0,0,0,0,0
frontis.nl,after,33,19,2,5,4,2,0,0,0,6
frontis.nl,before,26,16,2,5,4,2,0,0,0,3
frontis.nl,today,14,7,2,2,0,0,0,0,0,3
fruto.nl,after,54,0,0,0,0,0,0,0,0,0
fruto.nl,before,31,0,0,0,0,0,0,0,0,0
fruto.nl,today,29,0,0,0,0,0,0,0,0,0
fuelled.nl,before,3,0,0,0,0,0,0,0,0,0
fuelled.nl,today,35,3,0,0,0,0,0,0,0,3
fundament.nl,after,42,0,0,0,0,0,0,0,0,0
fundament.nl,before,19,0,0,0,0,0,0,0,0,0
fundament.nl,today,23,0,0,0,0,0,0,0,0,0
fuse-communication.com,before,6,1,0,0,0,0,0,0,0,1
fyndable.online,after,96,6,1,1,0,1,2,1,0,1
fyndable.online,before,57,3,0,0,0,1,0,0,0,2
fyndable.online,today,53,1,0,0,0,0,1,0,0,0
fynt.nl,after,4,0,0,0,0,0,0,0,0,0
fynt.nl,before,3,0,0,0,0,0,0,0,0,0
fynt.nl,today,14,0,0,0,0,0,0,0,0,0
gadgetbaas,today,4,1,0,1,0,0,0,0,0,0
gbuskes,today,5,0,0,0,0,0,0,0,0,0
geertgroot,today,1,0,0,0,0,0,0,0,0,0
getforward.nl,after,18,0,0,0,0,0,0,0,0,0
getforward.nl,before,5,3,0,0,1,2,0,1,0,0
getforward.nl,today,35,0,0,0,0,0,0,0,0,0
geurtsniek,today,16,0,0,0,0,0,0,0,0,0
gigaleads.nl,before,12,11,2,10,0,5,0,0,0,0
gigaleads.nl,today,30,28,0,24,2,0,0,0,0,4
gijsmoonen,today,5,0,0,0,0,0,0,0,0,0
gladior.com,before,81,0,0,0,0,0,0,0,0,0
gladior.com,today,11,2,2,0,0,0,0,0,0,0
globalvillagemedia.nl,after,22,0,0,0,0,0,0,0,0,0
globalvillagemedia.nl,before,12,0,0,0,0,0,0,0,0,0
globalvillagemedia.nl,today,22,0,0,0,0,0,0,0,0,0
go2people.nl,today,15,0,0,0,0,0,0,0,0,0
goldfizh.nl,after,53,7,0,0,1,0,0,1,4,1
goldfizh.nl,before,20,1,0,0,1,0,1,0,0,0
goldfizh.nl,today,41,0,0,0,0,0,0,0,0,0
greencreatives.nl,after,116,4,0,1,1,0,0,0,1,1
greencreatives.nl,before,3,0,0,0,0,0,0,0,0,0
greencreatives.nl,today,51,0,0,0,0,0,0,0,0,0
gripoponline.nl,after,13,1,0,0,1,0,0,0,0,0
gripoponline.nl,before,14,3,0,0,0,1,0,0,1,1
gripoponline.nl,today,12,0,0,0,0,0,0,0,0,0
grizzlymarketing.nl,today,11,0,0,0,0,0,0,0,0,0
grndworx.com,before,1,0,0,0,0,0,0,0,0,0
grndworx.com,today,13,0,0,0,0,0,0,0,0,0
groovedigital.agency,after,89,0,0,0,0,0,0,0,0,0
groovedigital.agency,before,14,0,0,0,0,0,0,0,0,0
groovedigital.agency,today,56,1,1,0,0,0,0,0,0,0
hammerfest.co,after,12,0,0,0,0,0,0,0,0,0
hammerfest.co,today,12,0,0,0,0,0,0,0,0,0
hansboersma,today,40,17,3,0,11,0,1,0,0,2
hansbuis,today,19,7,1,0,0,0,0,0,0,6
hansvduijn,today,7,1,1,0,0,0,0,0,0,0
happiness-anywhere.com,after,25,0,0,0,0,0,0,0,0,0
happiness-anywhere.com,before,33,2,0,0,0,0,0,0,0,2
happiness-anywhere.com,today,27,0,0,0,0,0,0,0,0,0
harborn.com_406,today,35,3,0,0,0,0,0,0,2,1
headsprung.nl,today,21,0,0,0,0,0,0,0,0,0
heartheyouth.com_408,today,26,1,0,0,0,0,0,0,0,1
helloitsme.online,after,5,4,2,0,0,1,0,0,0,1
helloitsme.online,before,7,0,0,0,0,0,0,0,0,0
helloitsme.online,today,29,0,0,0,0,0,0,0,0,0
hellosuperheroes.com,after,24,0,0,0,0,0,0,0,0,0
hertoggrafimedia.nl,after,20,0,0,0,0,0,0,0,0,0
hertoggrafimedia.nl,before,4,0,0,0,0,0,0,0,0,0
hertoggrafimedia.nl,today,12,0,0,0,0,0,0,0,0,0
hesterdewit,today,76,0,0,0,0,0,0,0,0,0
hhogenbirk,today,44,1,0,0,0,0,0,0,0,1
higuita.amsterdam,today,34,0,0,0,0,0,0,0,0,0
hike.one,after,51,0,0,0,0,0,0,0,0,0
hike.one,before,46,0,0,0,0,0,0,0,0,0
hike.one,today,19,0,0,0,0,0,0,0,0,0
hiveminds.nl,today,6,0,0,0,0,0,0,0,0,0
hlobranding.com,after,23,1,0,0,1,0,0,0,0,0
hlobranding.com,before,19,0,0,0,0,0,0,0,0,0
hlobranding.com,today,33,0,0,0,0,0,0,0,0,0
houseofeighty8.nl,today,1,0,0,0,0,0,0,0,0,0
houseofsocialmedia.nl,after,4,0,0,0,0,0,0,0,0,0
houseofsocialmedia.nl,before,1,0,0,0,0,0,0,0,0,0
houseofsocialmedia.nl,today,36,0,0,0,0,0,0,0,0,0
huibert-bijland,today,1,0,0,0,0,0,0,0,0,0
huiscommunicatie.nl,after,112,3,0,1,0,0,0,0,0,2
huiscommunicatie.nl,today,38,0,0,0,0,0,0,0,0,0
ihabsalha,today,14,0,0,0,0,0,0,0,0,0
ilerimedia.nl,before,4,0,0,0,0,0,0,0,0,0
imeco.nl,today,3,0,0,0,0,0,0,0,0,0
imgraphics.nl,today,20,0,0,0,0,0,0,0,0,0
imkegoudsmits,today,24,0,0,0,0,0,0,0,0,0
indicia.nl,after,1,0,0,0,0,0,0,0,0,0
indicia.nl,today,9,3,0,0,0,0,0,0,0,3
inktzwartekaters.nl,after,30,0,0,0,0,0,0,0,0,0
inktzwartekaters.nl,today,30,0,0,0,0,0,0,0,0,0
inventus.online,today,42,21,9,3,4,3,0,1,0,1
iosono.nl,after,44,1,0,0,0,0,0,0,0,1
iosono.nl,before,44,1,0,0,0,0,0,0,0,1
iosono.nl,today,45,1,0,0,0,0,0,0,0,1
iseline-visser,today,10,0,0,0,0,0,0,0,0,0
isellevanginkel,today,6,0,0,0,0,0,0,0,0,0
ismotion.nl,after,19,0,0,0,0,0,0,0,0,0
ismotion.nl,before,13,0,0,0,0,0,0,0,0,0
ismotion.nl,today,4,0,0,0,0,0,0,0,0,0
israelvanbedijk,today,5,1,0,0,0,0,0,0,1,0
ivanarndts,today,36,2,0,0,0,0,2,0,0,0
jaap-wigbout,today,12,6,6,0,0,0,0,0,0,0
jairo-bisschop,today,11,3,0,0,0,0,0,0,3,0
jakdesign.nl,after,84,0,0,0,0,0,0,0,0,0
jakdesign.nl,before,28,0,0,0,0,0,0,0,0,0
jakdesign.nl,today,78,0,0,0,0,0,0,0,0,0
jam16.nl,after,13,0,0,0,0,0,0,0,0,0
jam16.nl,before,13,0,0,0,0,0,0,0,0,0
jam16.nl,today,15,0,0,0,0,0,0,0,0,0
jarik-oosting,today,44,1,0,0,0,0,0,0,0,1
jasper-roks-b4819b15,today,9,0,0,0,0,0,0,0,0,0
jeanhouben,today,11,4,1,0,0,0,0,0,3,0
jefderoode,today,29,0,0,0,0,0,0,0,0,0
jeroen-cloosterman-03a0377,today,21,13,6,0,2,5,0,2,0,1
jeroen-schiphuis,today,32,15,11,2,2,0,0,0,1,1
jibe-group.com,before,28,0,0,0,0,0,0,0,0,0
jibe-group.com,today,17,1,0,0,0,0,0,0,0,1
jijonline.nu,today,2,0,0,0,0,0,0,0,0,0
jmr-digital.com,after,7,0,0,0,0,0,0,0,0,0
jmr-digital.com,today,40,3,0,0,0,0,0,0,0,3
joep-groenink,today,53,0,0,0,0,0,0,0,0,0
joepbogaers,today,25,1,1,0,0,0,0,1,0,0
joepublic.nl,after,53,1,0,0,0,0,0,0,0,1
joepublic.nl,before,31,0,0,0,0,0,0,0,0,0
joepublic.nl,today,18,0,0,0,0,0,0,0,0,0
joeyzeelen,today,8,0,0,0,0,0,0,0,0,0
johanhubers,today,11,0,0,0,0,0,0,0,0,0
john-van-der-kroon-65a0396,today,26,0,0,0,0,0,0,0,0,0
jointlyheroes.nl,before,13,0,0,0,0,0,0,0,0,0
jointlyheroes.nl,today,23,1,0,0,0,0,0,0,0,1
joost-zengers-71277160,today,5,0,0,0,0,0,0,0,0,0
jordihagedoorn,today,46,22,8,4,6,2,0,7,0,2
jordilingen,today,17,0,0,0,0,0,0,0,0,0
jordisloots,today,23,5,0,1,0,2,0,2,2,0
jordy-sweers-53a582b5,today,18,0,0,0,0,0,0,0,0,0
jorggijsbers,today,28,1,1,0,0,0,0,0,0,0
joyce-p-3307566,today,7,0,0,0,0,0,0,0,0,0
judith-gerritsen-19ba615,today,19,0,0,0,0,0,0,0,0,0
judithdegreef-admosfeer,today,13,0,0,0,0,0,0,0,0,0
jules-nijssen-48448498,today,28,0,0,0,0,0,0,0,0,0
jules-van-dongen-,today,4,3,0,1,1,0,0,1,0,0
julianoudemaatman,today,4,1,1,0,0,0,0,0,0,0
julianstevense,today,11,0,0,0,0,0,0,0,0,0
julien-lacunes-b7aa0715,today,26,0,0,0,0,0,0,0,0,0
jungleminds.nl,today,11,0,0,0,0,0,0,0,0,0
junnect.nl,after,42,3,0,0,0,0,0,0,1,2
junnect.nl,before,37,4,0,0,1,0,0,0,1,2
junnect.nl,today,32,0,0,0,0,0,0,0,0,0
justinhuijmans,today,1,0,0,0,0,0,0,0,0,0
kaliber.net,after,22,3,0,3,0,0,0,0,0,0
kaliber.net,before,2,0,0,0,0,0,0,0,0,0
kaliber.net,today,46,0,0,0,0,0,0,0,0,0
karelgeenen,today,9,5,0,0,0,0,0,0,0,5
karshoving,today,14,0,0,0,0,0,0,0,0,0
karstenvanetten,today,18,3,0,0,1,0,0,0,0,2
keenr.nl,after,3,0,0,0,0,0,0,0,0,0
keenr.nl,before,5,0,0,0,0,0,0,0,0,0
keenr.nl,today,3,0,0,0,0,0,0,0,0,0
kevin-tadema,today,3,0,0,0,0,0,0,0,0,0
keyagency.nl,after,70,8,1,2,0,3,0,1,1,2
keyagency.nl,before,26,4,0,0,0,1,0,0,0,3
keyagency.nl,today,18,1,0,1,0,0,0,0,0,0
khashayarbaghani,today,17,1,0,0,1,0,0,0,0,0
kinsmen.tv,after,42,0,0,0,0,0,0,0,0,0
kinsmen.tv,before,33,0,0,0,0,0,0,0,0,0
kinsmen.tv,today,31,0,0,0,0,0,0,0,0,0
kirsten-rothman-9a5b6711,today,13,0,0,0,0,0,0,0,0,0
klaviyo,today,89,2,2,0,0,0,0,0,0,0
kleinmedia.nl,after,46,0,0,0,0,0,0,0,0,0
kleinmedia.nl,before,24,0,0,0,0,0,0,0,0,0
kleinmedia.nl,today,15,0,0,0,0,0,0,0,0,0
klemtoonmedia.nl,today,11,0,0,0,0,0,0,0,0,0
klikkertje.nl,today,3,1,0,0,0,0,1,0,0,0
kliktaal.nl,after,52,0,0,0,0,0,0,0,0,0
kliktaal.nl,before,20,0,0,0,0,0,0,0,0,0
kliktaal.nl,today,10,0,0,0,0,0,0,0,0,0
klubb.nl,after,6,0,0,0,0,0,0,0,0,0
klubb.nl,before,35,4,2,0,0,1,0,0,0,1
klubb.nl,today,19,0,0,0,0,0,0,0,0,0
koendulfer,today,21,0,0,0,0,0,0,0,0,0
koenevers,today,7,1,0,0,1,0,0,0,0,0
koos.agency,after,85,33,0,0,1,0,0,0,1,31
koos.agency,today,50,12,0,0,0,0,0,0,1,11
krbcommunicatie.nl,after,19,0,0,0,0,0,0,0,0,0
krbcommunicatie.nl,today,64,0,0,0,0,0,0,0,0,0
lab701.nl,after,6,0,0,0,0,0,0,0,0,0
lab701.nl,today,5,0,0,0,0,0,0,0,0,0
labdigital.nl,after,16,0,0,0,0,0,0,0,0,0
labdigital.nl,before,4,0,0,0,0,0,0,0,0,0
labdigital.nl,today,16,0,0,0,0,0,0,0,0,0
larissakramer,today,6,0,0,0,0,0,0,0,0,0
lars-hauwert,today,5,4,1,0,0,1,0,1,0,2
laura-van-der-molen-99b632b,today,38,0,0,0,0,0,0,0,0,0
laura-van-nieuwland-6a026a34,today,115,0,0,0,0,0,0,0,0,0
laurensoudeelberink,today,17,0,0,0,0,0,0,0,0,0
leadi.nl,after,24,24,12,7,0,0,0,0,0,5
leadi.nl,before,12,10,2,6,3,0,2,0,0,1
leadi.nl,today,6,6,4,2,0,0,0,0,0,0
leadsmaster.nl,after,8,1,1,0,0,0,0,0,0,0
leadsmaster.nl,today,26,8,2,6,0,0,0,0,0,0
lemon.nl,after,35,0,0,0,0,0,0,0,0,0
lemon.nl,before,38,0,0,0,0,0,0,0,0,0
lemone.com,after,10,0,0,0,0,0,0,0,0,0
lemone.com,before,4,0,0,0,0,0,0,0,0,0
lemone.com,today,6,0,0,0,0,0,0,0,0,0
lemonscentedtea.com,after,37,20,3,0,2,0,0,0,2,13
lemonscentedtea.com,before,30,20,3,0,2,0,0,0,4,11
lemonscentedtea.com,today,22,0,0,0,0,0,0,0,0,0
leon-elders-3ab91112,today,9,1,0,0,0,0,0,0,0,1
leonwalvisch,today,4,0,0,0,0,0,0,0,0,0
lesupermarche.nl,before,6,0,0,0,0,0,0,0,0,0
lesupermarche.nl,today,6,0,0,0,0,0,0,0,0,0
level-level.com_409,today,30,0,0,0,0,0,0,0,0,0
lienekedewolf,today,20,2,0,0,1,0,0,0,0,1
likehoney.nl,after,9,7,0,2,0,0,0,1,1,4
likehoney.nl,before,3,1,0,1,0,0,0,0,0,0
likehoney.nl,today,21,3,0,0,3,0,0,3,0,0
lime-c.nl,before,5,0,0,0,0,0,0,0,0,0
limesquare.nl,after,2,0,0,0,0,0,0,0,0,0
limesquare.nl,before,4,0,0,0,0,0,0,0,0,0
limesquare.nl,today,30,0,0,0,0,0,0,0,0,0
luc-visser1,today,10,0,0,0,0,0,0,0,0,0
lucsmeetsmarketing,today,8,0,0,0,0,0,0,0,0,0
luuk-kelderman-1a125926,today,9,0,0,0,0,0,0,0,0,0
lvb.nl,after,76,0,0,0,0,0,0,0,0,0
lvb.nl,before,48,0,0,0,0,0,0,0,0,0
lvb.nl,today,6,0,0,0,0,0,0,0,0,0
maarten-laan,today,41,0,0,0,0,0,0,0,0,0
maartenclement,today,7,2,0,0,0,0,0,0,1,1
maartenvanwilligen,today,7,0,0,0,0,0,0,0,0,0
maibru.com,after,18,1,0,0,0,0,0,0,0,1
maibru.com,before,24,1,0,0,0,0,0,0,0,1
maibru.com,today,16,0,0,0,0,0,0,0,0,0
makemarketingmagic.com,after,30,10,2,7,1,2,0,0,3,1
makemarketingmagic.com,before,27,0,0,0,0,0,0,0,0,0
makemarketingmagic.com,today,36,11,1,10,0,1,0,0,3,0
maloutewierik,today,8,1,0,0,0,0,0,0,1,0
manifyagency.com,after,49,18,10,2,3,2,0,1,0,4
manifyagency.com,today,26,0,0,0,0,0,0,0,0,0
marc-bouwman,today,33,0,0,0,0,0,0,0,0,0
marcel-bakkum-8000828,today,11,0,0,0,0,0,0,0,0,0
marcel-sluijter-sens-online-solutions,today,30,0,0,0,0,0,0,0,0,0
marciacoppens,today,7,0,0,0,0,0,0,0,0,0
marcovanhoogdalem,today,11,1,0,0,0,1,0,0,0,0
marjolein-bal,today,16,0,0,0,0,0,0,0,0,0
markaching.nl,today,4,0,0,0,0,0,0,0,0,0
marketingcollega.nl,after,10,7,0,0,5,0,2,0,0,0
marketingcollega.nl,before,7,4,0,0,4,0,0,0,0,0
marketingcollega.nl,today,14,6,0,0,4,0,2,0,0,0
marketingguys.com,after,4,0,0,0,0,0,0,0,0,0
marketingguys.com,today,5,0,0,0,0,0,0,0,0,0
marketingkraam.nl,after,16,4,1,1,2,0,0,0,0,0
marketingkraam.nl,today,33,3,0,0,2,0,0,0,0,1
marketingshift.nl,after,10,7,3,3,0,5,0,0,0,0
marketingshift.nl,before,24,2,1,0,0,0,1,0,0,0
marketingshift.nl,today,22,5,1,2,0,4,0,0,0,0
marketway.nl,after,5,0,0,0,0,0,0,0,0,0
marketway.nl,before,11,0,0,0,0,0,0,0,0,0
marketway.nl,today,17,0,0,0,0,0,0,0,0,0
markkokkelkoren,today,6,2,2,0,0,0,0,0,0,0
marlonvantwillert,today,12,1,0,0,1,0,0,0,0,0
marnix-hendriks,today,20,10,1,3,0,1,0,0,0,5
marthijn-de-vries-1a93a962,today,15,7,0,0,0,2,0,0,1,4
martijnberns,today,17,0,0,0,0,0,0,0,0,0
martijnboeser,today,12,6,2,4,0,0,0,0,0,0
martijngillijns,today,25,0,0,0,0,0,0,0,0,0
martin-verspeek,today,44,0,0,0,0,0,0,0,0,0
martinneuteboom,today,6,2,0,2,0,0,0,0,0,0
mattercontentagency.com,after,4,1,0,0,0,0,0,0,0,1
mattercontentagency.com,before,18,0,0,0,0,0,0,0,0,0
mattercontentagency.com,today,23,0,0,0,0,0,0,0,0,0
matthijskloezeman,today,2,0,0,0,0,0,0,0,0,0
mattmo.nl,after,30,1,0,0,0,0,0,0,1,0
mattmo.nl,before,29,1,0,0,0,0,0,0,1,0
mattmo.nl,today,31,0,0,0,0,0,0,0,0,0
maurice-stam,today,9,0,0,0,0,0,0,0,0,0
maxvaneeghen,today,5,4,2,0,0,0,0,0,0,2
mdmpieterse,today,9,0,0,0,0,0,0,0,0,0
mediabirds.nl,after,76,21,5,3,12,2,1,0,0,0
mediabirds.nl,before,25,0,0,0,0,0,0,0,0,0
mediabirds.nl,today,42,5,0,3,1,0,0,0,0,1
meercollective.nl,after,79,0,0,0,0,0,0,0,0,0
meercollective.nl,before,32,0,0,0,0,0,0,0,0,0
meercollective.nl,today,77,0,0,0,0,0,0,0,0,0
meewerk.com,after,2,0,0,0,0,0,0,0,0,0
meewerk.com,before,2,0,0,0,0,0,0,0,0,0
meewerk.com,today,2,0,0,0,0,0,0,0,0,0
menno-schreven,today,24,0,0,0,0,0,0,0,0,0
mensch-amsterdam.com,after,20,0,0,0,0,0,0,0,0,0
mensch-amsterdam.com,before,8,0,0,0,0,0,0,0,0,0
mensch-amsterdam.com,today,18,0,0,0,0,0,0,0,0,0
merijnjanssen,today,16,1,0,1,0,0,0,0,0,0
metmotion.nl,after,81,15,0,0,9,0,0,0,10,2
metmotion.nl,before,31,7,0,0,2,0,0,0,4,2
metmotion.nl,today,54,9,0,0,2,0,0,0,4,3
michaelletens,today,39,36,1,11,0,1,0,7,0,16
michaelryan-zuurstof,today,64,0,0,0,0,0,0,0,0,0
michel-ariens,today,9,6,1,3,0,0,0,3,0,1
michieldewijn,today,4,0,0,0,0,0,0,0,0,0
michielentrop,today,19,0,0,0,0,0,0,0,0,0
mick-middelman-5569a231,today,21,15,3,6,0,0,0,6,0,3
mignonne-van-eijkelenburg,today,6,0,0,0,0,0,0,0,0,0
mireille-elberse,today,14,0,0,0,0,0,0,0,0,0
mitchell-ling-58a99673,today,20,0,0,0,0,0,0,0,0,0
mlkoekenberg,today,2,0,0,0,0,0,0,0,0,0
mmnt.nl,after,30,0,0,0,0,0,0,0,0,0
mmnt.nl,before,12,0,0,0,0,0,0,0,0,0
mmnt.nl,today,9,0,0,0,0,0,0,0,0,0
modernemeesters.nl,after,137,0,0,0,0,0,0,0,0,0
modernemeesters.nl,before,126,0,0,0,0,0,0,0,0,0
modernemeesters.nl,today,89,0,0,0,0,0,0,0,0,0
muratgumrukcuoglu,today,59,32,8,10,6,2,0,0,0,6
naomibeusink,today,25,20,16,10,2,0,0,6,2,0
nathanael-allen-6727a7136,today,10,0,0,0,0,0,0,0,0,0
natwerk.nl,after,15,0,0,0,0,0,0,0,0,0
natwerk.nl,before,17,0,0,0,0,0,0,0,0,0
natwerk.nl,today,15,0,0,0,0,0,0,0,0,0
ndplokkaar,today,36,0,0,0,0,0,0,0,0,0
nedfinity.com,after,63,24,0,0,12,6,0,0,0,6
nedfinity.com,before,15,0,0,0,0,0,0,0,0,0
nedfinity.com,today,16,7,1,0,1,3,0,0,0,3
netprofiler.nl,after,32,16,3,2,2,1,1,6,1,5
netprofiler.nl,before,9,7,3,0,1,0,0,2,0,2
netprofiler.nl,today,17,5,1,0,0,0,0,1,0,3
netxz.nl,after,9,5,0,1,1,2,1,0,0,0
netxz.nl,before,10,5,0,0,2,3,0,0,0,0
netxz.nl,today,11,6,0,1,1,3,2,0,0,0
newrise.nl,after,8,0,0,0,0,0,0,0,0,0
newrise.nl,before,10,0,0,0,0,0,0,0,0,0
newrise.nl,today,4,1,0,1,0,0,0,0,0,0
nickheurter,today,16,4,0,0,0,0,0,0,0,4
niekminderhoud,today,15,3,1,0,0,0,0,0,0,2
niekvanson,today,3,0,0,0,0,0,0,0,0,0
niels-debets-48861a8,today,4,0,0,0,0,0,0,0,0,0
niels-kersten-9857615,today,7,0,0,0,0,0,0,0,0,0
nijgh.com_412,today,28,0,0,0,0,0,0,0,0,0
nikolay-petkov-,today,30,0,0,0,0,0,0,0,0,0
nkerklaan,today,34,0,0,0,0,0,0,0,0,0
no7.digital,today,3,0,0,0,0,0,0,0,0,0
noahploeg,today,25,0,0,0,0,0,0,0,0,0
nodefy.nl,after,10,0,0,0,0,0,0,0,0,0
nodefy.nl,today,8,0,0,0,0,0,0,0,0,0
nofie.nl,before,79,0,0,0,0,0,0,0,0,0
nofie.nl,today,77,0,0,0,0,0,0,0,0,0
nohaucreative.nl,after,9,1,0,0,0,0,0,0,1,0
nohaucreative.nl,before,33,1,0,0,0,0,0,0,1,0
nohaucreative.nl,today,18,0,0,0,0,0,0,0,0,0
noise.nl,after,60,2,0,0,0,0,0,0,0,2
noise.nl,before,105,10,0,0,1,0,0,0,2,7
noise.nl,today,13,0,0,0,0,0,0,0,0,0
norday.nl_413,today,11,0,0,0,0,0,0,0,0,0
nordique.nl,after,41,8,0,2,1,0,0,0,0,5
nordique.nl,before,40,5,0,0,1,0,0,0,0,4
nordique.nl,today,4,1,0,1,0,0,0,0,0,0
npncommunicatie.nl,after,1,0,0,0,0,0,0,0,0,0
npncommunicatie.nl,before,3,0,0,0,0,0,0,0,0,0
nubisonline.com,after,23,3,1,0,0,1,0,0,0,1
nubisonline.com,before,27,3,1,0,0,1,0,0,0,1
nubisonline.com,today,2,0,0,0,0,0,0,0,0,0
o2communicatie.nl,after,25,5,0,0,0,0,0,0,2,3
o2communicatie.nl,before,20,0,0,0,0,0,0,0,0,0
o2communicatie.nl,today,10,1,0,0,0,0,0,0,0,1
odiv.nl,today,8,8,2,1,3,0,0,0,0,2
ogilvy.nl,today,42,0,0,0,0,0,0,0,0,0
okapion.com,after,49,4,0,0,0,0,0,0,0,4
okapion.com,before,17,1,0,0,0,0,0,0,0,1
okapion.com,today,15,0,0,0,0,0,0,0,0,0
olifantmedia.nl,after,15,2,0,1,0,0,0,0,0,1
olifantmedia.nl,before,15,6,0,0,2,0,0,0,0,4
olifantmedia.nl,today,15,5,0,2,0,0,0,0,1,2
onlinemarketingmanagement,today,14,8,0,0,1,0,0,0,0,7
onlinemarketingutrecht,today,25,6,0,0,0,0,0,0,6,0
onlineperformance.agency,after,8,6,2,0,6,2,0,0,0,0
onlineperformance.agency,today,31,19,5,1,10,4,0,2,3,0
opklopper.nl,after,89,0,0,0,0,0,0,0,0,0
opklopper.nl,before,22,0,0,0,0,0,0,0,0,0
opklopper.nl,today,28,0,0,0,0,0,0,0,0,0
oppepper.nl,after,9,0,0,0,0,0,0,0,0,0
oppepper.nl,before,9,0,0,0,0,0,0,0,0,0
oppepper.nl,today,9,0,0,0,0,0,0,0,0,0
pamelacrovatto,today,12,0,0,0,0,0,0,0,0,0
panbranding.nl,after,73,1,0,0,0,0,0,0,0,1
panbranding.nl,before,65,0,0,0,0,0,0,0,0,0
panbranding.nl,today,13,0,0,0,0,0,0,0,0,0
pangaea.nl,after,26,8,3,0,3,0,0,0,0,3
pangaea.nl,today,47,0,0,0,0,0,0,0,0,0
partout.nl,after,47,5,0,0,1,0,0,1,2,2
partout.nl,before,21,1,0,0,0,0,0,0,1,0
partout.nl,today,18,0,0,0,0,0,0,0,0,0
paulverboven,today,15,13,4,6,0,0,0,0,0,3
personacompany.com,after,20,0,0,0,0,0,0,0,0,0
personacompany.com,before,20,0,0,0,0,0,0,0,0,0
personacompany.com,today,6,0,0,0,0,0,0,0,0,0
peter-dragstra-6b9a03b5,today,15,10,0,0,0,0,3,2,2,5
petrakevenaar,today,29,0,0,0,0,0,0,0,0,0
philip-vink-881b77165,today,3,0,0,0,0,0,0,0,0,0
pietervanderzee,today,19,0,0,0,0,0,0,0,0,0
pig.works,after,4,0,0,0,0,0,0,0,0,0
pig.works,before,4,0,0,0,0,0,0,0,0,0
pig.works,today,16,0,0,0,0,0,0,0,0,0
pim-berentzen-a1229325,today,25,0,0,0,0,0,0,0,0,0
pingwin.nl,after,11,0,0,0,0,0,0,0,0,0
pingwin.nl,before,14,2,0,0,1,0,1,0,0,0
pingwin.nl,today,5,4,0,0,0,0,4,0,0,0
pionect.com_414,today,27,0,0,0,0,0,0,0,0,0
pixoyo.nl,after,1,0,0,0,0,0,0,0,0,0
pixoyo.nl,before,7,0,0,0,0,0,0,0,0,0
pixoyo.nl,today,7,0,0,0,0,0,0,0,0,0
playforward.nl,after,21,2,0,0,0,0,0,1,1,1
playforward.nl,today,18,0,0,0,0,0,0,0,0,0
plopmarketing.com,today,2,0,0,0,0,0,0,0,0,0
pre-pare.nl,after,261,0,0,0,0,0,0,0,0,0
pre-pare.nl,before,253,0,0,0,0,0,0,0,0,0
pre-pare.nl,today,63,0,0,0,0,0,0,0,0,0
prsc.nl_415,today,9,0,0,0,0,0,0,0,0,0
pubmarket.nl,after,3,0,0,0,0,0,0,0,0,0
pubmarket.nl,before,10,1,0,0,0,0,0,0,0,1
pubmarket.nl,today,11,0,0,0,0,0,0,0,0,0
q42.nl_416,today,167,0,0,0,0,0,0,0,0,0
quinn-hulshof-5822b8204,today,21,7,1,0,0,0,0,0,5,2
ralfvanlieshout,today,5,1,0,0,0,0,0,0,0,1
ramsesbraakman,today,52,0,0,0,0,0,0,0,0,0
rauwcc.nl_417,today,36,0,0,0,0,0,0,0,0,0
raymondveldkamp,today,21,1,0,0,0,0,0,0,0,1
reachcommunications.nl,before,17,0,0,0,0,0,0,0,0,0
reachcommunications.nl,today,7,0,0,0,0,0,0,0,0,0
reclame-totaal.nl,after,27,0,0,0,0,0,0,0,0,0
reclame-totaal.nl,before,3,0,0,0,0,0,0,0,0,0
reclame-totaal.nl,today,17,0,0,0,0,0,0,0,0,0
redkiwi.com_418,today,26,7,1,1,1,0,0,0,2,2
reijervankasteren,today,33,0,0,0,0,0,0,0,0,0
remco-mir-candela-75164517,today,30,1,0,1,0,0,0,0,0,0
remikuchler,today,23,7,0,0,0,0,0,0,5,2
reneepping,today,54,0,0,0,0,0,0,0,0,0
renovatiomedia.nl,after,3,0,0,0,0,0,0,0,0,0
renovatiomedia.nl,before,37,0,0,0,0,0,0,0,0,0
renovatiomedia.nl,today,3,0,0,0,0,0,0,0,0,0
reynhard.nl,after,34,0,0,0,0,0,0,0,0,0
reynhard.nl,before,19,0,0,0,0,0,0,0,0,0
reynhard.nl,today,45,0,0,0,0,0,0,0,0,0
rickkwakkel,today,40,12,3,3,3,0,1,1,0,2
rickmaarssen,today,3,0,0,0,0,0,0,0,0,0
rik.marketing,after,4,4,1,0,0,0,0,0,1,2
rik.marketing,before,4,4,1,0,0,0,0,0,1,2
robbert-hendrix,today,8,0,0,0,0,0,0,0,0,0
robert-de-vries-85495a6b,today,18,0,0,0,0,0,0,0,0,0
robinvdl,today,37,0,0,0,0,0,0,0,0,0
rocketing.nl,after,40,13,0,1,3,0,0,0,7,5
rocketing.nl,before,19,5,0,1,1,0,0,0,3,2
rocketing.nl,today,7,1,0,0,0,0,0,0,0,1
roellinssen,today,3,2,1,0,0,0,0,0,0,1
rogier-croes,today,12,1,0,0,0,0,0,0,0,1
rogierduin,today,28,2,0,0,1,0,0,0,0,1
rontielen,today,51,0,0,0,0,0,0,0,0,0
rotterdamcs.nl_419,today,28,0,0,0,0,0,0,0,0,0
rox.nl_420,today,28,0,0,0,0,0,0,0,0,0
roxtar.nl,today,46,26,0,5,6,5,2,0,0,9
roydekok,today,6,0,0,0,0,0,0,0,0,0
rozepepers.nl,after,9,0,0,0,0,0,0,0,0,0
rozepepers.nl,before,29,0,0,0,0,0,0,0,0,0
rozepepers.nl,today,9,0,0,0,0,0,0,0,0,0
rsmediaworks.nl,today,27,0,0,0,0,0,0,0,0,0
ruben-machiels-037783196,today,10,0,0,0,0,0,0,0,0,0
rubrix.nl,after,84,0,0,0,0,0,0,0,0,0
rubrix.nl,before,13,0,0,0,0,0,0,0,0,0
rubrix.nl,today,41,4,0,2,0,0,2,0,0,0
ruudbergen,today,4,0,0,0,0,0,0,0,0,0
rwildschut,today,39,0,0,0,0,0,0,0,0,0
ryan-van-donkelaar-09829715b,today,4,0,0,0,0,0,0,0,0,0
sabine-van-hoven-steenbergen-18442720,today,15,0,0,0,0,0,0,0,0,0
sabineroex,today,21,1,0,0,0,0,0,0,0,1
sadriaanse,today,43,9,0,1,1,1,1,1,0,5
sakevandenbrule,today,13,0,0,0,0,0,0,0,0,0
sam-jeurissen-123297197,today,22,0,0,0,0,0,0,0,0,0
sander-van-ham,today,11,3,3,0,0,0,0,0,0,0
sandergeijtenbeek,today,19,6,0,2,0,1,1,0,1,1
sandervanbaalen,today,66,0,0,0,0,0,0,0,0,0
sandervanhoren,today,30,3,0,0,3,0,0,0,0,0
sanne-de-wild-99262b7a,today,20,0,0,0,0,0,0,0,0,0
sausmakers.nl,before,14,0,0,0,0,0,0,0,0,0
sausmakers.nl,today,27,0,0,0,0,0,0,0,0,0
sdgworks.nl,after,3,0,0,0,0,0,0,0,0,0
sdgworks.nl,before,3,0,0,0,0,0,0,0,0,0
sdgworks.nl,today,3,0,0,0,0,0,0,0,0,0
searchlab.nl,after,3,3,0,1,1,1,0,0,0,2
searchlab.nl,before,19,11,5,2,0,0,0,0,2,2
searchlab.nl,today,4,1,1,0,0,0,0,0,0,0
sebastiaankremer,today,81,16,0,2,6,4,0,0,2,4
seoforyou.nl,after,16,11,1,0,6,0,4,0,0,0
seoforyou.nl,before,15,12,1,0,7,0,4,0,0,0
seoforyou.nl,today,7,4,0,0,2,0,2,0,0,0
seonl.nl,today,2,0,0,0,0,0,0,0,0,0
sharon-van-beek-30aa6ab5,today,21,4,2,0,1,0,1,0,0,0
sherpagrafischontwerp.nl,after,24,0,0,0,0,0,0,0,0,0
sherpagrafischontwerp.nl,before,39,0,0,0,0,0,0,0,0,0
sherpagrafischontwerp.nl,today,9,0,0,0,0,0,0,0,0,0
siem-van-dongen-49a4b280,today,49,37,1,3,27,0,3,0,0,3
sigmasolutions.nl,after,46,0,0,0,0,0,0,0,0,0
sigmasolutions.nl,today,58,2,1,0,1,0,0,0,0,0
simon-hatter,today,21,0,0,0,0,0,0,0,0,0
sjoerd-schipaanboord-86141b6,today,4,0,0,0,0,0,0,0,0,0
sjorsvanhoof,today,28,0,0,0,0,0,0,0,0,0
smaac.nl,after,43,1,1,0,0,0,0,0,0,0
smaac.nl,before,3,1,1,0,0,0,0,0,0,0
smaac.nl,today,30,1,1,0,0,0,0,0,0,0
smartmediamasters.nl,after,2,2,0,0,0,0,0,0,0,2
smartmediamasters.nl,before,7,3,0,1,0,0,0,0,0,2
smartmediamasters.nl,today,3,1,0,0,0,0,0,0,0,1
somention.com_422,today,90,0,0,0,0,0,0,0,0,0
sonjavaneeghen,today,9,0,0,0,0,0,0,0,0,0
statement.nl,after,52,0,0,0,0,0,0,0,0,0
statement.nl,before,43,0,0,0,0,0,0,0,0,0
statement.nl,today,41,0,0,0,0,0,0,0,0,0
stefanwildeboer,today,3,3,1,0,1,0,0,0,0,1
stijn-buijsrogge-9b7058118,today,10,1,0,0,0,0,0,0,0,1
stijnalink,today,21,0,0,0,0,0,0,0,0,0
stijndevaan,today,14,6,3,1,3,0,0,0,0,0
strangelove.nl,after,4,0,0,0,0,0,0,0,0,0
strangelove.nl,before,2,0,0,0,0,0,0,0,0,0
strangelove.nl,today,16,0,0,0,0,0,0,0,0,0
strila.nl,before,30,0,0,0,0,0,0,0,0,0
strila.nl,today,20,1,0,0,1,0,0,0,0,0
studio10am.nl_423,today,9,0,0,0,0,0,0,0,0,0
studiobold.nl,after,10,0,0,0,0,0,0,0,0,0
studiobold.nl,before,10,0,0,0,0,0,0,0,0,0
studiobold.nl,today,22,0,0,0,0,0,0,0,0,0
studionul.com_424,today,4,0,0,0,0,0,0,0,0,0
studiopiranha.com_425,today,6,0,0,0,0,0,0,0,0,0
studiorbee.nl,after,25,0,0,0,0,0,0,0,0,0
studiorbee.nl,before,22,0,0,0,0,0,0,0,0,0
studiorbee.nl,today,33,0,0,0,0,0,0,0,0,0
supportflex.nl,after,7,0,0,0,0,0,0,0,0,0
supportflex.nl,today,40,0,0,0,0,0,0,0,0,0
suzanne-joosten,today,7,0,0,0,0,0,0,0,0,0
svendenboer,today,4,0,0,0,0,0,0,0,0,0
svenvannobelen,today,10,0,0,0,0,0,0,0,0,0
takties.nl,after,9,0,0,0,0,0,0,0,0,0
takties.nl,before,1,0,0,0,0,0,0,0,0,0
takties.nl,today,13,0,0,0,0,0,0,0,0,0
tekstueel-communicatie.nl,after,46,0,0,0,0,0,0,0,0,0
tekstueel-communicatie.nl,before,26,0,0,0,0,0,0,0,0,0
tekstueel-communicatie.nl,today,23,0,0,0,0,0,0,0,0,0
tenzer.nl,before,12,0,0,0,0,0,0,0,0,0
tenzer.nl,today,7,2,1,2,0,0,0,0,0,0
thabasco.nl,after,5,0,0,0,0,0,0,0,0,0
thabasco.nl,before,4,1,0,0,0,0,0,0,0,1
thabasco.nl,today,8,0,0,0,0,0,0,0,0,0
thatinnerflame.com,today,3,0,0,0,0,0,0,0,0,0
theapsgroup.com,after,37,8,0,0,1,0,0,0,0,7
theapsgroup.com,before,37,7,0,0,1,0,0,0,0,6
theapsgroup.com,today,15,0,0,0,0,0,0,0,0,0
thebravenewnow.com,after,4,0,0,0,0,0,0,0,0,0
thebravenewnow.com,today,6,0,0,0,0,0,0,0,0,0
thegoodplace,today,31,0,0,0,0,0,0,0,0,0
thisisqi.nl,after,3,0,0,0,0,0,0,0,0,0
thisisqi.nl,before,3,0,0,0,0,0,0,0,0,0
thisisqi.nl,today,3,0,0,0,0,0,0,0,0,0
thom-van-de-donk,today,15,7,0,1,2,1,0,2,0,1
thrillmedia.nl,after,3,0,0,0,0,0,0,0,0,0
thrillmedia.nl,before,3,0,0,0,0,0,0,0,0,0
thrillmedia.nl,today,3,0,0,0,0,0,0,0,0,0
tim-breur,today,28,0,0,0,0,0,0,0,0,0
tim-heijne-learn-play-create,today,17,0,0,0,0,0,0,0,0,0
tom-gregory-brink-6864b91a,today,42,0,0,0,0,0,0,0,0,0
tom-uivel-120694151,today,6,2,0,0,0,0,0,0,2,0
tomkolker,today,14,0,0,0,0,0,0,0,0,0
tomorrowmen.nl,after,37,19,6,2,3,1,2,2,3,2
tomorrowmen.nl,before,8,7,2,1,3,0,0,2,0,1
tomorrowmen.nl,today,24,0,0,0,0,0,0,0,0,0
toonvharen,today,3,0,0,0,0,0,0,0,0,0
transvormatie.nl,after,22,0,0,0,0,0,0,0,0,0
transvormatie.nl,before,13,0,0,0,0,0,0,0,0,0
transvormatie.nl,today,16,0,0,0,0,0,0,0,0,0
tres.nl,after,61,12,0,3,1,0,0,1,0,7
tres.nl,before,10,0,0,0,0,0,0,0,0,0
tres.nl,today,12,2,0,2,0,0,0,0,0,0
trichis.nl_428,today,55,0,0,0,0,0,0,0,0,0
trimm.nl,after,35,10,3,2,0,6,0,0,1,2
trimm.nl,before,36,9,3,2,0,6,0,0,0,1
trimm.nl,today,16,1,0,0,0,1,0,0,0,0
tudordumitru,today,3,1,0,0,0,0,0,0,0,1
turntwo.com,after,20,5,2,0,0,0,0,0,0,3
turntwo.com,before,4,0,0,0,0,0,0,0,0,0
turntwo.com,today,10,0,0,0,0,0,0,0,0,0
tymen-cieraad-b4073040,today,15,0,0,0,0,0,0,0,0,0
ultrax.agency,after,13,0,0,0,0,0,0,0,0,0
ultrax.agency,before,12,0,0,0,0,0,0,0,0,0
ultrax.agency,today,31,0,0,0,0,0,0,0,0,0
upside.nl,after,32,7,0,3,3,0,0,0,0,1
upside.nl,before,31,2,0,0,1,0,0,0,0,1
upside.nl,today,27,4,0,2,2,0,0,0,0,0
valerie-bos,today,59,1,0,0,0,0,0,0,0,1
vdoelman,today,30,6,0,2,6,2,2,0,0,0
vdveer.nl,before,6,0,0,0,0,0,0,0,0,0
vdveer.nl,today,10,0,0,0,0,0,0,0,0,0
vertigo6.nl,after,14,7,0,0,0,0,0,0,4,3
vertigo6.nl,before,3,0,0,0,0,0,0,0,0,0
vertigo6.nl,today,14,5,0,0,0,0,0,0,5,0
vincent-beld-928a8b21,today,7,0,0,0,0,0,0,0,0,0
vincentvvliet,today,13,4,2,2,0,0,0,0,0,0
vizien.nl,after,34,24,0,0,9,7,5,0,0,3
vizien.nl,before,21,1,0,0,0,1,0,0,0,0
vizien.nl,today,35,7,0,1,4,2,1,0,0,0
vonc.nl,after,40,0,0,0,0,0,0,0,0,0
vonc.nl,before,25,0,0,0,0,0,0,0,0,0
vonc.nl,today,20,0,0,0,0,0,0,0,0,0
vormdestad.nl,after,35,3,0,0,0,0,0,0,2,1
vormdestad.nl,before,25,0,0,0,0,0,0,0,0,0
vormdestad.nl,today,28,0,0,0,0,0,0,0,0,0
vrijdagonline.nl,after,48,0,0,0,0,0,0,0,0,0
vrijdagonline.nl,before,16,2,1,0,0,1,0,0,0,0
vrijdagonline.nl,today,102,0,0,0,0,0,0,0,0,0
wadm.nl,after,49,4,1,0,0,0,0,0,0,3
wadm.nl,before,69,4,1,0,0,0,0,0,0,3
wadm.nl,today,30,0,0,0,0,0,0,0,0,0
webcrafter.nl,after,6,0,0,0,0,0,0,0,0,0
webcrafter.nl,before,10,3,0,0,2,0,0,0,0,1
webcrafter.nl,today,7,0,0,0,0,0,0,0,0,0
webdesign-direct.nl,after,6,0,0,0,0,0,0,0,0,0
webdesign-direct.nl,before,26,0,0,0,0,0,0,0,0,0
webdesign-direct.nl,today,6,0,0,0,0,0,0,0,0,0
webelephant.nl,today,11,1,0,0,0,0,0,0,0,1
webinzicht.nl,after,46,0,0,0,0,0,0,0,0,0
webinzicht.nl,today,23,0,0,0,0,0,0,0,0,0
websignaal.nl,after,7,0,0,0,0,0,0,0,0,0
websignaal.nl,before,2,0,0,0,0,0,0,0,0,0
websitefreaks.nl,after,17,0,0,0,0,0,0,0,0,0
websitefreaks.nl,today,26,0,0,0,0,0,0,0,0,0
webton.nl,after,17,3,0,0,2,1,1,0,0,0
webton.nl,before,8,1,0,1,0,0,0,0,0,0
webton.nl,today,18,3,0,0,0,0,1,0,0,2
wibo-van-der-heide-a717512,today,55,40,11,11,4,2,0,8,0,6
wiljan-pannekoek,today,9,3,1,0,0,0,0,0,0,2
wimdatema,today,24,0,0,0,0,0,0,0,0,0
wouterbesters,today,47,1,0,0,0,0,1,0,0,0
woutermuns,today,8,0,0,0,0,0,0,0,0,0
wrkt.nl,after,3,0,0,0,0,0,0,0,0,0
wrkt.nl,today,27,17,9,0,2,0,0,2,3,1
wveen.com,after,102,0,0,0,0,0,0,0,0,0
wveen.com,before,85,0,0,0,0,0,0,0,0,0
wveen.com,today,72,0,0,0,0,0,0,0,0,0
x-com.nl,today,12,3,1,0,1,1,0,0,0,0
yescontent.nl_430,today,29,0,0,0,0,0,0,0,0,0
yummygum.com,before,7,0,0,0,0,0,0,0,0,0
yummygum.com,today,13,10,0,0,0,2,0,0,0,8
z-studio.nl,after,20,0,0,0,0,0,0,0,0,0
z-studio.nl,before,15,0,0,0,0,0,0,0,0,0
z-studio.nl,today,21,0,0,0,0,0,0,0,0,0
zalmpartners.nl,after,5,0,0,0,0,0,0,0,0,0
zalmpartners.nl,today,27,12,0,3,3,0,2,0,2,3
